INFO: kbplacer_plugin_action.py:73: Plugin version: 0.18
INFO: kbplacer_plugin_action.py:74: Python version: '3.13.14 (main, Nov 10 2011, 15:00:00) [GCC 15.2.0]'
INFO: kbplacer_plugin_action.py:75: KiCad version: 10.0.5 with 4.2.5 gtk3 (phoenix) wxWidgets 3.2.11
INFO: kbplacer_dialog.py:799: Language: en
INFO: kbplacer_plugin_action.py:83: GUI state: {"layout_path": "/home/alexh/Documents/Code/zkeeb/hw/lib/keyboard-layout.json", "key_distance": [19.05, 19.05], "key_info": {"annotation_format": "CH{}", "position_option": "Default", "position": {"x": 0.0, "y": 0.0, "orientation": 0.0, "side": "Front"}, "template_path": "", "start_index": 1}, "enable_diode_placement": true, "route_switches_with_diodes": true, "optimize_diodes_orientation": false, "diode_info": {"annotation_format": "D{}", "position_option": "Custom", "position": {"x": 8.0, "y": 0.0, "orientation": 90.0, "side": "Front"}, "template_path": "", "start_index": -1}, "additional_elements": [{"annotation_format": "ST{}", "position_option": "Custom", "position": {"x": 0.0, "y": 0.0, "orientation": 0.0, "side": "Front"}, "template_path": "", "start_index": -1}], "route_rows_and_columns": true, "template_path": "", "generate_outline": false, "outline_delta": 0.0, "layout_offset": null}
DEBUG: key_placer.py:144: Switches by nets: defaultdict(<class 'list'>, {frozenset({'/R6', '/C7'}): ['CH63'], frozenset({'/R0', '/C4'}): ['CH17'], frozenset({'/R4', '/C3'}): ['CH45'], frozenset({'/R1', '/C1'}): ['CH4'], frozenset({'/C2', '/R2'}): ['CH13'], frozenset({'/C3', '/R7'}): ['CH48'], frozenset({'/R6', '/C2'}): ['CH43'], frozenset({'/R1', '/C8'}): ['CH66'], frozenset({'/C2', '/R7'}): ['CH44'], frozenset({'/C6', '/R2'}): ['CH27'], frozenset({'/C5', '/R7'}): ['CH56'], frozenset({'/C7', '/R7'}): ['CH64'], frozenset({'/R1', '/C4'}): ['CH18'], frozenset({'/C5', '/R4'}): ['CH53'], frozenset({'/R5', '/C3'}): ['CH46'], frozenset({'/R0', '/C5'}): ['CH21'], frozenset({'/R0', '/C3'}): ['CH7'], frozenset({'/C0', '/R7'}): ['CH36'], frozenset({'/C4', '/R2'}): ['CH19'], frozenset({'/R6', '/C5'}): ['CH55'], frozenset({'/R1', '/C6'}): ['CH26'], frozenset({'/R5', '/C1'}): ['CH38'], frozenset({'/R6', '/C6'}): ['CH59'], frozenset({'/R3', '/C8'}): ['CH68'], frozenset({'/R0', '/C7'}): ['CH29'], frozenset({'/R3', '/C1'}): ['CH12'], frozenset({'/R3', '/C5'}): ['CH24'], frozenset({'/R1', '/C7'}): ['CH30'], frozenset({'/R3', '/C7'}): ['CH32'], frozenset({'/R3', '/C4'}): ['CH20'], frozenset({'/R5', '/C0'}): ['CH34'], frozenset({'/R3', '/C0'}): ['CH10'], frozenset({'/R3', '/C2'}): ['CH14'], frozenset({'/R5', '/C2'}): ['CH42'], frozenset({'/R0', '/C6'}): ['CH25'], frozenset({'/R6', '/C4'}): ['CH51'], frozenset({'/R1', '/C0'}): ['CH3'], frozenset({'/C4', '/R4'}): ['CH49'], frozenset({'/R0', '/C2'}): ['CH5'], frozenset({'/R5', '/C6'}): ['CH58'], frozenset({'/C1', '/R7'}): ['CH40'], frozenset({'/C2', '/R4'}): ['CH41'], frozenset({'/R0', '/C8'}): ['CH65'], frozenset({'/R6', '/C3'}): ['CH47'], frozenset({'/R4', '/C1'}): ['CH37'], frozenset({'/C4', '/R7'}): ['CH52'], frozenset({'/R2', '/C8'}): ['CH67'], frozenset({'/C6', '/R7'}): ['CH60'], frozenset({'/R1', '/C2'}): ['CH6'], frozenset({'/R4', '/C0'}): ['CH33'], frozenset({'/R6', '/C1'}): ['CH39'], frozenset({'/R5', '/C5'}): ['CH54'], frozenset({'/R6', '/C0'}): ['CH35'], frozenset({'/R5', '/C7'}): ['CH62'], frozenset({'/R2', '/C7'}): ['CH31'], frozenset({'/R4', '/C7'}): ['CH61'], frozenset({'/R3', '/C3'}): ['CH16'], frozenset({'/C0', '/R2'}): ['CH9'], frozenset({'/R1', '/C3'}): ['CH8'], frozenset({'/R1', '/C5'}): ['CH22'], frozenset({'/R0', '/C0'}): ['CH1'], frozenset({'/R2', '/C3'}): ['CH15'], frozenset({'/R5', '/C4'}): ['CH50'], frozenset({'/R3', '/C6'}): ['CH28'], frozenset({'/C5', '/R2'}): ['CH23'], frozenset({'/R0', '/C1'}): ['CH2'], frozenset({'/R4', '/C6'}): ['CH57'], frozenset({'/C1', '/R2'}): ['CH11']})
DEBUG: key_placer.py:148: Diodes by switch: {'CH50': ['D50'], 'CH19': ['D19'], 'CH27': ['D27'], 'CH22': ['D22'], 'CH10': ['D10'], 'CH5': ['D5'], 'CH39': ['D39'], 'CH48': ['D48'], 'CH31': ['D31'], 'CH41': ['D41'], 'CH53': ['D53'], 'CH24': ['D24'], 'CH66': ['D66'], 'CH59': ['D59'], 'CH32': ['D32'], 'CH60': ['D60'], 'CH3': ['D3'], 'CH7': ['D7'], 'CH68': ['D68'], 'CH4': ['D4'], 'CH34': ['D34'], 'CH47': ['D47'], 'CH46': ['D46'], 'CH56': ['D56'], 'CH33': ['D33'], 'CH2': ['D2'], 'CH44': ['D44'], 'CH54': ['D54'], 'CH15': ['D15'], 'CH43': ['D43'], 'CH45': ['D45'], 'CH67': ['D67'], 'CH16': ['D16'], 'CH35': ['D35'], 'CH62': ['D62'], 'CH20': ['D20'], 'CH9': ['D9'], 'CH25': ['D25'], 'CH1': ['D1'], 'CH38': ['D38'], 'CH14': ['D14'], 'CH26': ['D26'], 'CH13': ['D13'], 'CH21': ['D21'], 'CH6': ['D6'], 'CH49': ['D49'], 'CH29': ['D29'], 'CH61': ['D61'], 'CH64': ['D64'], 'CH8': ['D8'], 'CH23': ['D23'], 'CH40': ['D40'], 'CH55': ['D55'], 'CH52': ['D52'], 'CH65': ['D65'], 'CH58': ['D58'], 'CH28': ['D28'], 'CH30': ['D30'], 'CH42': ['D42'], 'CH11': ['D11'], 'CH18': ['D18'], 'CH36': ['D36'], 'CH12': ['D12'], 'CH63': ['D63'], 'CH57': ['D57'], 'CH37': ['D37'], 'CH51': ['D51'], 'CH17': ['D17']}
INFO: kle_serial.py:1038: User layout: [['Esc', '1', '2', '3', '4', '5', '6', '7', '8', '9', '0', '-', '=', {'w': 2}, 'Backspace', 'Del'], [{'w': 1.5}, 'Tab', 'Q', 'W', 'E', 'R', 'T', 'Y', 'U', 'I', 'O', 'P', '[', ']', {'w': 1.5}, '\\', {'a': 0}, ''], [{'a': 4, 'w': 1.75}, 'Caps Lock', 'A', 'S', 'D', 'F', 'G', 'H', 'J', 'K', 'L', ';', "'", {'w': 2.25}, 'Enter', {'a': 0}, ''], [{'a': 4, 'w': 2.25}, 'Shift', 'Z', 'X', 'C', 'V', 'B', 'N', 'M', ',', '.', '/', {'w': 1.75}, 'Shift', '↑', {'a': 0}, ''], [{'a': 4, 'w': 1.25}, 'Ctrl', {'w': 1.25}, 'Win', {'w': 1.25}, 'Alt', {'w': 6.25}, 'Space', 'Fn', 'Ctrl', 'AltGr', '←', '↓', '→']]
DEBUG: key_placer.py:757: Using key 1U distance: (19.05, 19.05) mm
DEBUG: key_placer.py:775: Layout offset: (28575000, 28575000)
DEBUG: kle_serial.py:1132: Layout with: x_ortholinear_keys=29, y_ortholinear_keys=68, rotated_keys=0, encoders=0, iso_enters=0 and unrecognized_shape_keys=0
DEBUG: kle_serial.py:1157: Layout tagged: [<KeyboardTag.ROW_STAGGERED: 2>]
DEBUG: board_modifier.py:119: Setting CH1 footprint position: (38100000, 38100000)
DEBUG: board_modifier.py:119: Setting CH2 footprint position: (57150000, 38100000)
DEBUG: board_modifier.py:119: Setting CH3 footprint position: (76200000, 38100000)
DEBUG: board_modifier.py:119: Setting CH4 footprint position: (95250000, 38100000)
DEBUG: board_modifier.py:119: Setting CH5 footprint position: (114300000, 38100000)
DEBUG: board_modifier.py:119: Setting CH6 footprint position: (133350000, 38100000)
DEBUG: board_modifier.py:119: Setting CH7 footprint position: (152400000, 38100000)
DEBUG: board_modifier.py:119: Setting CH8 footprint position: (171450000, 38100000)
DEBUG: board_modifier.py:119: Setting CH9 footprint position: (190500000, 38100000)
DEBUG: board_modifier.py:119: Setting CH10 footprint position: (209550000, 38100000)
DEBUG: board_modifier.py:119: Setting CH11 footprint position: (228600000, 38100000)
DEBUG: board_modifier.py:119: Setting CH12 footprint position: (247650000, 38100000)
DEBUG: board_modifier.py:119: Setting CH13 footprint position: (266700000, 38100000)
DEBUG: board_modifier.py:119: Setting CH14 footprint position: (295275000, 38100000)
DEBUG: board_modifier.py:119: Setting CH15 footprint position: (323850000, 38100000)
DEBUG: board_modifier.py:119: Setting CH16 footprint position: (42862500, 57150000)
DEBUG: board_modifier.py:119: Setting CH17 footprint position: (66675000, 57150000)
DEBUG: board_modifier.py:119: Setting CH18 footprint position: (85725000, 57150000)
DEBUG: board_modifier.py:119: Setting CH19 footprint position: (104775000, 57150000)
DEBUG: board_modifier.py:119: Setting CH20 footprint position: (123825000, 57150000)
DEBUG: board_modifier.py:119: Setting CH21 footprint position: (142875000, 57150000)
DEBUG: board_modifier.py:119: Setting CH22 footprint position: (161925000, 57150000)
DEBUG: board_modifier.py:119: Setting CH23 footprint position: (180975000, 57150000)
DEBUG: board_modifier.py:119: Setting CH24 footprint position: (200025000, 57150000)
DEBUG: board_modifier.py:119: Setting CH25 footprint position: (219075000, 57150000)
DEBUG: board_modifier.py:119: Setting CH26 footprint position: (238125000, 57150000)
DEBUG: board_modifier.py:119: Setting CH27 footprint position: (257175000, 57150000)
DEBUG: board_modifier.py:119: Setting CH28 footprint position: (276225000, 57150000)
DEBUG: board_modifier.py:119: Setting CH29 footprint position: (300037500, 57150000)
DEBUG: board_modifier.py:119: Setting CH30 footprint position: (323850000, 57150000)
DEBUG: board_modifier.py:119: Setting CH31 footprint position: (45243750, 76200000)
DEBUG: board_modifier.py:119: Setting CH32 footprint position: (71437500, 76200000)
DEBUG: board_modifier.py:119: Setting CH33 footprint position: (90487500, 76200000)
DEBUG: board_modifier.py:119: Setting CH34 footprint position: (109537500, 76200000)
DEBUG: board_modifier.py:119: Setting CH35 footprint position: (128587500, 76200000)
DEBUG: board_modifier.py:119: Setting CH36 footprint position: (147637500, 76200000)
DEBUG: board_modifier.py:119: Setting CH37 footprint position: (166687500, 76200000)
DEBUG: board_modifier.py:119: Setting CH38 footprint position: (185737500, 76200000)
DEBUG: board_modifier.py:119: Setting CH39 footprint position: (204787500, 76200000)
DEBUG: board_modifier.py:119: Setting CH40 footprint position: (223837500, 76200000)
DEBUG: board_modifier.py:119: Setting CH41 footprint position: (242887500, 76200000)
DEBUG: board_modifier.py:119: Setting CH42 footprint position: (261937500, 76200000)
DEBUG: board_modifier.py:119: Setting CH43 footprint position: (292893750, 76200000)
DEBUG: board_modifier.py:119: Setting CH44 footprint position: (323850000, 76200000)
DEBUG: board_modifier.py:119: Setting CH45 footprint position: (50006250, 95250000)
DEBUG: board_modifier.py:119: Setting CH46 footprint position: (80962500, 95250000)
DEBUG: board_modifier.py:119: Setting CH47 footprint position: (100012500, 95250000)
DEBUG: board_modifier.py:119: Setting CH48 footprint position: (119062500, 95250000)
DEBUG: board_modifier.py:119: Setting CH49 footprint position: (138112500, 95250000)
DEBUG: board_modifier.py:119: Setting CH50 footprint position: (157162500, 95250000)
DEBUG: board_modifier.py:119: Setting CH51 footprint position: (176212500, 95250000)
DEBUG: board_modifier.py:119: Setting CH52 footprint position: (195262500, 95250000)
DEBUG: board_modifier.py:119: Setting CH53 footprint position: (214312500, 95250000)
DEBUG: board_modifier.py:119: Setting CH54 footprint position: (233362500, 95250000)
DEBUG: board_modifier.py:119: Setting CH55 footprint position: (252412500, 95250000)
DEBUG: board_modifier.py:119: Setting CH56 footprint position: (278606250, 95250000)
DEBUG: board_modifier.py:119: Setting CH57 footprint position: (304800000, 95250000)
DEBUG: board_modifier.py:119: Setting CH58 footprint position: (323850000, 95250000)
DEBUG: board_modifier.py:119: Setting CH59 footprint position: (40481250, 114300000)
DEBUG: board_modifier.py:119: Setting CH60 footprint position: (64293750, 114300000)
DEBUG: board_modifier.py:119: Setting CH61 footprint position: (88106250, 114300000)
DEBUG: board_modifier.py:119: Setting CH62 footprint position: (159543750, 114300000)
DEBUG: board_modifier.py:119: Setting CH63 footprint position: (228600000, 114300000)
DEBUG: board_modifier.py:119: Setting CH64 footprint position: (247650000, 114300000)
DEBUG: board_modifier.py:119: Setting CH65 footprint position: (266700000, 114300000)
DEBUG: board_modifier.py:119: Setting CH66 footprint position: (285750000, 114300000)
DEBUG: board_modifier.py:119: Setting CH67 footprint position: (304800000, 114300000)
DEBUG: board_modifier.py:119: Setting CH68 footprint position: (323850000, 114300000)
INFO: key_placer.py:1188: Diode info: [ElementInfo(annotation_format='D{}', position_option=<PositionOption.CUSTOM: 'Custom'>, position=ElementPosition(x=8.0, y=0.0, orientation=90.0, side=<Side.FRONT: 'Front'>), template_path='', start_index=-1)]
DEBUG: board_modifier.py:132: Getting CH1 footprint position: (38100000, 38100000)
DEBUG: board_modifier.py:119: Setting D1 footprint position: (46100000, 38100000)
DEBUG: board_modifier.py:132: Getting CH2 footprint position: (57150000, 38100000)
DEBUG: board_modifier.py:119: Setting D2 footprint position: (65150000, 38100000)
DEBUG: board_modifier.py:132: Getting CH3 footprint position: (76200000, 38100000)
DEBUG: board_modifier.py:119: Setting D3 footprint position: (84200000, 38100000)
DEBUG: board_modifier.py:132: Getting CH4 footprint position: (95250000, 38100000)
DEBUG: board_modifier.py:119: Setting D4 footprint position: (103250000, 38100000)
DEBUG: board_modifier.py:132: Getting CH5 footprint position: (114300000, 38100000)
DEBUG: board_modifier.py:119: Setting D5 footprint position: (122300000, 38100000)
DEBUG: board_modifier.py:132: Getting CH6 footprint position: (133350000, 38100000)
DEBUG: board_modifier.py:119: Setting D6 footprint position: (141350000, 38100000)
DEBUG: board_modifier.py:132: Getting CH7 footprint position: (152400000, 38100000)
DEBUG: board_modifier.py:119: Setting D7 footprint position: (160400000, 38100000)
DEBUG: board_modifier.py:132: Getting CH8 footprint position: (171450000, 38100000)
DEBUG: board_modifier.py:119: Setting D8 footprint position: (179450000, 38100000)
DEBUG: board_modifier.py:132: Getting CH9 footprint position: (190500000, 38100000)
DEBUG: board_modifier.py:119: Setting D9 footprint position: (198500000, 38100000)
DEBUG: board_modifier.py:132: Getting CH10 footprint position: (209550000, 38100000)
DEBUG: board_modifier.py:119: Setting D10 footprint position: (217550000, 38100000)
DEBUG: board_modifier.py:132: Getting CH11 footprint position: (228600000, 38100000)
DEBUG: board_modifier.py:119: Setting D11 footprint position: (236600000, 38100000)
DEBUG: board_modifier.py:132: Getting CH12 footprint position: (247650000, 38100000)
DEBUG: board_modifier.py:119: Setting D12 footprint position: (255650000, 38100000)
DEBUG: board_modifier.py:132: Getting CH13 footprint position: (266700000, 38100000)
DEBUG: board_modifier.py:119: Setting D13 footprint position: (274700000, 38100000)
DEBUG: board_modifier.py:132: Getting CH14 footprint position: (295275000, 38100000)
DEBUG: board_modifier.py:119: Setting D14 footprint position: (303275000, 38100000)
DEBUG: board_modifier.py:132: Getting CH15 footprint position: (323850000, 38100000)
DEBUG: board_modifier.py:119: Setting D15 footprint position: (331850000, 38100000)
DEBUG: board_modifier.py:132: Getting CH16 footprint position: (42862500, 57150000)
DEBUG: board_modifier.py:119: Setting D16 footprint position: (50862500, 57150000)
DEBUG: board_modifier.py:132: Getting CH17 footprint position: (66675000, 57150000)
DEBUG: board_modifier.py:119: Setting D17 footprint position: (74675000, 57150000)
DEBUG: board_modifier.py:132: Getting CH18 footprint position: (85725000, 57150000)
DEBUG: board_modifier.py:119: Setting D18 footprint position: (93725000, 57150000)
DEBUG: board_modifier.py:132: Getting CH19 footprint position: (104775000, 57150000)
DEBUG: board_modifier.py:119: Setting D19 footprint position: (112775000, 57150000)
DEBUG: board_modifier.py:132: Getting CH20 footprint position: (123825000, 57150000)
DEBUG: board_modifier.py:119: Setting D20 footprint position: (131825000, 57150000)
DEBUG: board_modifier.py:132: Getting CH21 footprint position: (142875000, 57150000)
DEBUG: board_modifier.py:119: Setting D21 footprint position: (150875000, 57150000)
DEBUG: board_modifier.py:132: Getting CH22 footprint position: (161925000, 57150000)
DEBUG: board_modifier.py:119: Setting D22 footprint position: (169925000, 57150000)
DEBUG: board_modifier.py:132: Getting CH23 footprint position: (180975000, 57150000)
DEBUG: board_modifier.py:119: Setting D23 footprint position: (188975000, 57150000)
DEBUG: board_modifier.py:132: Getting CH24 footprint position: (200025000, 57150000)
DEBUG: board_modifier.py:119: Setting D24 footprint position: (208025000, 57150000)
DEBUG: board_modifier.py:132: Getting CH25 footprint position: (219075000, 57150000)
DEBUG: board_modifier.py:119: Setting D25 footprint position: (227075000, 57150000)
DEBUG: board_modifier.py:132: Getting CH26 footprint position: (238125000, 57150000)
DEBUG: board_modifier.py:119: Setting D26 footprint position: (246125000, 57150000)
DEBUG: board_modifier.py:132: Getting CH27 footprint position: (257175000, 57150000)
DEBUG: board_modifier.py:119: Setting D27 footprint position: (265175000, 57150000)
DEBUG: board_modifier.py:132: Getting CH28 footprint position: (276225000, 57150000)
DEBUG: board_modifier.py:119: Setting D28 footprint position: (284225000, 57150000)
DEBUG: board_modifier.py:132: Getting CH29 footprint position: (300037500, 57150000)
DEBUG: board_modifier.py:119: Setting D29 footprint position: (308037500, 57150000)
DEBUG: board_modifier.py:132: Getting CH30 footprint position: (323850000, 57150000)
DEBUG: board_modifier.py:119: Setting D30 footprint position: (331850000, 57150000)
DEBUG: board_modifier.py:132: Getting CH31 footprint position: (45243750, 76200000)
DEBUG: board_modifier.py:119: Setting D31 footprint position: (53243750, 76200000)
DEBUG: board_modifier.py:132: Getting CH32 footprint position: (71437500, 76200000)
DEBUG: board_modifier.py:119: Setting D32 footprint position: (79437500, 76200000)
DEBUG: board_modifier.py:132: Getting CH33 footprint position: (90487500, 76200000)
DEBUG: board_modifier.py:119: Setting D33 footprint position: (98487500, 76200000)
DEBUG: board_modifier.py:132: Getting CH34 footprint position: (109537500, 76200000)
DEBUG: board_modifier.py:119: Setting D34 footprint position: (117537500, 76200000)
DEBUG: board_modifier.py:132: Getting CH35 footprint position: (128587500, 76200000)
DEBUG: board_modifier.py:119: Setting D35 footprint position: (136587500, 76200000)
DEBUG: board_modifier.py:132: Getting CH36 footprint position: (147637500, 76200000)
DEBUG: board_modifier.py:119: Setting D36 footprint position: (155637500, 76200000)
DEBUG: board_modifier.py:132: Getting CH37 footprint position: (166687500, 76200000)
DEBUG: board_modifier.py:119: Setting D37 footprint position: (174687500, 76200000)
DEBUG: board_modifier.py:132: Getting CH38 footprint position: (185737500, 76200000)
DEBUG: board_modifier.py:119: Setting D38 footprint position: (193737500, 76200000)
DEBUG: board_modifier.py:132: Getting CH39 footprint position: (204787500, 76200000)
DEBUG: board_modifier.py:119: Setting D39 footprint position: (212787500, 76200000)
DEBUG: board_modifier.py:132: Getting CH40 footprint position: (223837500, 76200000)
DEBUG: board_modifier.py:119: Setting D40 footprint position: (231837500, 76200000)
DEBUG: board_modifier.py:132: Getting CH41 footprint position: (242887500, 76200000)
DEBUG: board_modifier.py:119: Setting D41 footprint position: (250887500, 76200000)
DEBUG: board_modifier.py:132: Getting CH42 footprint position: (261937500, 76200000)
DEBUG: board_modifier.py:119: Setting D42 footprint position: (269937500, 76200000)
DEBUG: board_modifier.py:132: Getting CH43 footprint position: (292893750, 76200000)
DEBUG: board_modifier.py:119: Setting D43 footprint position: (300893750, 76200000)
DEBUG: board_modifier.py:132: Getting CH44 footprint position: (323850000, 76200000)
DEBUG: board_modifier.py:119: Setting D44 footprint position: (331850000, 76200000)
DEBUG: board_modifier.py:132: Getting CH45 footprint position: (50006250, 95250000)
DEBUG: board_modifier.py:119: Setting D45 footprint position: (58006250, 95250000)
DEBUG: board_modifier.py:132: Getting CH46 footprint position: (80962500, 95250000)
DEBUG: board_modifier.py:119: Setting D46 footprint position: (88962500, 95250000)
DEBUG: board_modifier.py:132: Getting CH47 footprint position: (100012500, 95250000)
DEBUG: board_modifier.py:119: Setting D47 footprint position: (108012500, 95250000)
DEBUG: board_modifier.py:132: Getting CH48 footprint position: (119062500, 95250000)
DEBUG: board_modifier.py:119: Setting D48 footprint position: (127062500, 95250000)
DEBUG: board_modifier.py:132: Getting CH49 footprint position: (138112500, 95250000)
DEBUG: board_modifier.py:119: Setting D49 footprint position: (146112500, 95250000)
DEBUG: board_modifier.py:132: Getting CH50 footprint position: (157162500, 95250000)
DEBUG: board_modifier.py:119: Setting D50 footprint position: (165162500, 95250000)
DEBUG: board_modifier.py:132: Getting CH51 footprint position: (176212500, 95250000)
DEBUG: board_modifier.py:119: Setting D51 footprint position: (184212500, 95250000)
DEBUG: board_modifier.py:132: Getting CH52 footprint position: (195262500, 95250000)
DEBUG: board_modifier.py:119: Setting D52 footprint position: (203262500, 95250000)
DEBUG: board_modifier.py:132: Getting CH53 footprint position: (214312500, 95250000)
DEBUG: board_modifier.py:119: Setting D53 footprint position: (222312500, 95250000)
DEBUG: board_modifier.py:132: Getting CH54 footprint position: (233362500, 95250000)
DEBUG: board_modifier.py:119: Setting D54 footprint position: (241362500, 95250000)
DEBUG: board_modifier.py:132: Getting CH55 footprint position: (252412500, 95250000)
DEBUG: board_modifier.py:119: Setting D55 footprint position: (260412500, 95250000)
DEBUG: board_modifier.py:132: Getting CH56 footprint position: (278606250, 95250000)
DEBUG: board_modifier.py:119: Setting D56 footprint position: (286606250, 95250000)
DEBUG: board_modifier.py:132: Getting CH57 footprint position: (304800000, 95250000)
DEBUG: board_modifier.py:119: Setting D57 footprint position: (312800000, 95250000)
DEBUG: board_modifier.py:132: Getting CH58 footprint position: (323850000, 95250000)
DEBUG: board_modifier.py:119: Setting D58 footprint position: (331850000, 95250000)
DEBUG: board_modifier.py:132: Getting CH59 footprint position: (40481250, 114300000)
DEBUG: board_modifier.py:119: Setting D59 footprint position: (48481250, 114300000)
DEBUG: board_modifier.py:132: Getting CH60 footprint position: (64293750, 114300000)
DEBUG: board_modifier.py:119: Setting D60 footprint position: (72293750, 114300000)
DEBUG: board_modifier.py:132: Getting CH61 footprint position: (88106250, 114300000)
DEBUG: board_modifier.py:119: Setting D61 footprint position: (96106250, 114300000)
DEBUG: board_modifier.py:132: Getting CH62 footprint position: (159543750, 114300000)
DEBUG: board_modifier.py:119: Setting D62 footprint position: (167543750, 114300000)
DEBUG: board_modifier.py:132: Getting CH63 footprint position: (228600000, 114300000)
DEBUG: board_modifier.py:119: Setting D63 footprint position: (236600000, 114300000)
DEBUG: board_modifier.py:132: Getting CH64 footprint position: (247650000, 114300000)
DEBUG: board_modifier.py:119: Setting D64 footprint position: (255650000, 114300000)
DEBUG: board_modifier.py:132: Getting CH65 footprint position: (266700000, 114300000)
DEBUG: board_modifier.py:119: Setting D65 footprint position: (274700000, 114300000)
DEBUG: board_modifier.py:132: Getting CH66 footprint position: (285750000, 114300000)
DEBUG: board_modifier.py:119: Setting D66 footprint position: (293750000, 114300000)
DEBUG: board_modifier.py:132: Getting CH67 footprint position: (304800000, 114300000)
DEBUG: board_modifier.py:119: Setting D67 footprint position: (312800000, 114300000)
DEBUG: board_modifier.py:132: Getting CH68 footprint position: (323850000, 114300000)
DEBUG: board_modifier.py:119: Setting D68 footprint position: (331850000, 114300000)
DEBUG: key_placer.py:934: Placing additional elements for CH63
DEBUG: board_modifier.py:132: Getting CH63 footprint position: (228600000, 114300000)
DEBUG: board_modifier.py:84: Searching for optional ST63 footprint in /home/alexh/Documents/Code/zkeeb/hw/zkeeb_kicad/zkeeb_kicad.kicad_pcb
DEBUG: board_modifier.py:89: Footprint not found
DEBUG: key_placer.py:934: Placing additional elements for CH17
DEBUG: board_modifier.py:132: Getting CH17 footprint position: (66675000, 57150000)
DEBUG: board_modifier.py:84: Searching for optional ST17 footprint in /home/alexh/Documents/Code/zkeeb/hw/zkeeb_kicad/zkeeb_kicad.kicad_pcb
DEBUG: board_modifier.py:89: Footprint not found
DEBUG: key_placer.py:934: Placing additional elements for CH45
DEBUG: board_modifier.py:132: Getting CH45 footprint position: (50006250, 95250000)
DEBUG: board_modifier.py:84: Searching for optional ST45 footprint in /home/alexh/Documents/Code/zkeeb/hw/zkeeb_kicad/zkeeb_kicad.kicad_pcb
DEBUG: board_modifier.py:89: Footprint not found
DEBUG: key_placer.py:934: Placing additional elements for CH4
DEBUG: board_modifier.py:132: Getting CH4 footprint position: (95250000, 38100000)
DEBUG: board_modifier.py:84: Searching for optional ST4 footprint in /home/alexh/Documents/Code/zkeeb/hw/zkeeb_kicad/zkeeb_kicad.kicad_pcb
DEBUG: board_modifier.py:89: Footprint not found
DEBUG: key_placer.py:934: Placing additional elements for CH13
DEBUG: board_modifier.py:132: Getting CH13 footprint position: (266700000, 38100000)
DEBUG: board_modifier.py:84: Searching for optional ST13 footprint in /home/alexh/Documents/Code/zkeeb/hw/zkeeb_kicad/zkeeb_kicad.kicad_pcb
DEBUG: board_modifier.py:89: Footprint not found
DEBUG: key_placer.py:934: Placing additional elements for CH48
DEBUG: board_modifier.py:132: Getting CH48 footprint position: (119062500, 95250000)
DEBUG: board_modifier.py:84: Searching for optional ST48 footprint in /home/alexh/Documents/Code/zkeeb/hw/zkeeb_kicad/zkeeb_kicad.kicad_pcb
DEBUG: board_modifier.py:89: Footprint not found
DEBUG: key_placer.py:934: Placing additional elements for CH43
DEBUG: board_modifier.py:132: Getting CH43 footprint position: (292893750, 76200000)
DEBUG: board_modifier.py:84: Searching for optional ST43 footprint in /home/alexh/Documents/Code/zkeeb/hw/zkeeb_kicad/zkeeb_kicad.kicad_pcb
DEBUG: board_modifier.py:89: Footprint not found
DEBUG: key_placer.py:934: Placing additional elements for CH66
DEBUG: board_modifier.py:132: Getting CH66 footprint position: (285750000, 114300000)
DEBUG: board_modifier.py:84: Searching for optional ST66 footprint in /home/alexh/Documents/Code/zkeeb/hw/zkeeb_kicad/zkeeb_kicad.kicad_pcb
DEBUG: board_modifier.py:89: Footprint not found
DEBUG: key_placer.py:934: Placing additional elements for CH44
DEBUG: board_modifier.py:132: Getting CH44 footprint position: (323850000, 76200000)
DEBUG: board_modifier.py:84: Searching for optional ST44 footprint in /home/alexh/Documents/Code/zkeeb/hw/zkeeb_kicad/zkeeb_kicad.kicad_pcb
DEBUG: board_modifier.py:89: Footprint not found
DEBUG: key_placer.py:934: Placing additional elements for CH27
DEBUG: board_modifier.py:132: Getting CH27 footprint position: (257175000, 57150000)
DEBUG: board_modifier.py:84: Searching for optional ST27 footprint in /home/alexh/Documents/Code/zkeeb/hw/zkeeb_kicad/zkeeb_kicad.kicad_pcb
DEBUG: board_modifier.py:89: Footprint not found
DEBUG: key_placer.py:934: Placing additional elements for CH56
DEBUG: board_modifier.py:132: Getting CH56 footprint position: (278606250, 95250000)
DEBUG: board_modifier.py:84: Searching for optional ST56 footprint in /home/alexh/Documents/Code/zkeeb/hw/zkeeb_kicad/zkeeb_kicad.kicad_pcb
DEBUG: board_modifier.py:89: Footprint not found
DEBUG: key_placer.py:934: Placing additional elements for CH64
DEBUG: board_modifier.py:132: Getting CH64 footprint position: (247650000, 114300000)
DEBUG: board_modifier.py:84: Searching for optional ST64 footprint in /home/alexh/Documents/Code/zkeeb/hw/zkeeb_kicad/zkeeb_kicad.kicad_pcb
DEBUG: board_modifier.py:89: Footprint not found
DEBUG: key_placer.py:934: Placing additional elements for CH18
DEBUG: board_modifier.py:132: Getting CH18 footprint position: (85725000, 57150000)
DEBUG: board_modifier.py:84: Searching for optional ST18 footprint in /home/alexh/Documents/Code/zkeeb/hw/zkeeb_kicad/zkeeb_kicad.kicad_pcb
DEBUG: board_modifier.py:89: Footprint not found
DEBUG: key_placer.py:934: Placing additional elements for CH53
DEBUG: board_modifier.py:132: Getting CH53 footprint position: (214312500, 95250000)
DEBUG: board_modifier.py:84: Searching for optional ST53 footprint in /home/alexh/Documents/Code/zkeeb/hw/zkeeb_kicad/zkeeb_kicad.kicad_pcb
DEBUG: board_modifier.py:89: Footprint not found
DEBUG: key_placer.py:934: Placing additional elements for CH46
DEBUG: board_modifier.py:132: Getting CH46 footprint position: (80962500, 95250000)
DEBUG: board_modifier.py:84: Searching for optional ST46 footprint in /home/alexh/Documents/Code/zkeeb/hw/zkeeb_kicad/zkeeb_kicad.kicad_pcb
DEBUG: board_modifier.py:89: Footprint not found
DEBUG: key_placer.py:934: Placing additional elements for CH21
DEBUG: board_modifier.py:132: Getting CH21 footprint position: (142875000, 57150000)
DEBUG: board_modifier.py:84: Searching for optional ST21 footprint in /home/alexh/Documents/Code/zkeeb/hw/zkeeb_kicad/zkeeb_kicad.kicad_pcb
DEBUG: board_modifier.py:89: Footprint not found
DEBUG: key_placer.py:934: Placing additional elements for CH7
DEBUG: board_modifier.py:132: Getting CH7 footprint position: (152400000, 38100000)
DEBUG: board_modifier.py:84: Searching for optional ST7 footprint in /home/alexh/Documents/Code/zkeeb/hw/zkeeb_kicad/zkeeb_kicad.kicad_pcb
DEBUG: board_modifier.py:89: Footprint not found
DEBUG: key_placer.py:934: Placing additional elements for CH36
DEBUG: board_modifier.py:132: Getting CH36 footprint position: (147637500, 76200000)
DEBUG: board_modifier.py:84: Searching for optional ST36 footprint in /home/alexh/Documents/Code/zkeeb/hw/zkeeb_kicad/zkeeb_kicad.kicad_pcb
DEBUG: board_modifier.py:89: Footprint not found
DEBUG: key_placer.py:934: Placing additional elements for CH19
DEBUG: board_modifier.py:132: Getting CH19 footprint position: (104775000, 57150000)
DEBUG: board_modifier.py:84: Searching for optional ST19 footprint in /home/alexh/Documents/Code/zkeeb/hw/zkeeb_kicad/zkeeb_kicad.kicad_pcb
DEBUG: board_modifier.py:89: Footprint not found
DEBUG: key_placer.py:934: Placing additional elements for CH55
DEBUG: board_modifier.py:132: Getting CH55 footprint position: (252412500, 95250000)
DEBUG: board_modifier.py:84: Searching for optional ST55 footprint in /home/alexh/Documents/Code/zkeeb/hw/zkeeb_kicad/zkeeb_kicad.kicad_pcb
DEBUG: board_modifier.py:89: Footprint not found
DEBUG: key_placer.py:934: Placing additional elements for CH26
DEBUG: board_modifier.py:132: Getting CH26 footprint position: (238125000, 57150000)
DEBUG: board_modifier.py:84: Searching for optional ST26 footprint in /home/alexh/Documents/Code/zkeeb/hw/zkeeb_kicad/zkeeb_kicad.kicad_pcb
DEBUG: board_modifier.py:89: Footprint not found
DEBUG: key_placer.py:934: Placing additional elements for CH38
DEBUG: board_modifier.py:132: Getting CH38 footprint position: (185737500, 76200000)
DEBUG: board_modifier.py:84: Searching for optional ST38 footprint in /home/alexh/Documents/Code/zkeeb/hw/zkeeb_kicad/zkeeb_kicad.kicad_pcb
DEBUG: board_modifier.py:89: Footprint not found
DEBUG: key_placer.py:934: Placing additional elements for CH59
DEBUG: board_modifier.py:132: Getting CH59 footprint position: (40481250, 114300000)
DEBUG: board_modifier.py:84: Searching for optional ST59 footprint in /home/alexh/Documents/Code/zkeeb/hw/zkeeb_kicad/zkeeb_kicad.kicad_pcb
DEBUG: board_modifier.py:89: Footprint not found
DEBUG: key_placer.py:934: Placing additional elements for CH68
DEBUG: board_modifier.py:132: Getting CH68 footprint position: (323850000, 114300000)
DEBUG: board_modifier.py:84: Searching for optional ST68 footprint in /home/alexh/Documents/Code/zkeeb/hw/zkeeb_kicad/zkeeb_kicad.kicad_pcb
DEBUG: board_modifier.py:89: Footprint not found
DEBUG: key_placer.py:934: Placing additional elements for CH29
DEBUG: board_modifier.py:132: Getting CH29 footprint position: (300037500, 57150000)
DEBUG: board_modifier.py:84: Searching for optional ST29 footprint in /home/alexh/Documents/Code/zkeeb/hw/zkeeb_kicad/zkeeb_kicad.kicad_pcb
DEBUG: board_modifier.py:89: Footprint not found
DEBUG: key_placer.py:934: Placing additional elements for CH12
DEBUG: board_modifier.py:132: Getting CH12 footprint position: (247650000, 38100000)
DEBUG: board_modifier.py:84: Searching for optional ST12 footprint in /home/alexh/Documents/Code/zkeeb/hw/zkeeb_kicad/zkeeb_kicad.kicad_pcb
DEBUG: board_modifier.py:89: Footprint not found
DEBUG: key_placer.py:934: Placing additional elements for CH24
DEBUG: board_modifier.py:132: Getting CH24 footprint position: (200025000, 57150000)
DEBUG: board_modifier.py:84: Searching for optional ST24 footprint in /home/alexh/Documents/Code/zkeeb/hw/zkeeb_kicad/zkeeb_kicad.kicad_pcb
DEBUG: board_modifier.py:89: Footprint not found
DEBUG: key_placer.py:934: Placing additional elements for CH30
DEBUG: board_modifier.py:132: Getting CH30 footprint position: (323850000, 57150000)
DEBUG: board_modifier.py:84: Searching for optional ST30 footprint in /home/alexh/Documents/Code/zkeeb/hw/zkeeb_kicad/zkeeb_kicad.kicad_pcb
DEBUG: board_modifier.py:89: Footprint not found
DEBUG: key_placer.py:934: Placing additional elements for CH32
DEBUG: board_modifier.py:132: Getting CH32 footprint position: (71437500, 76200000)
DEBUG: board_modifier.py:84: Searching for optional ST32 footprint in /home/alexh/Documents/Code/zkeeb/hw/zkeeb_kicad/zkeeb_kicad.kicad_pcb
DEBUG: board_modifier.py:89: Footprint not found
DEBUG: key_placer.py:934: Placing additional elements for CH20
DEBUG: board_modifier.py:132: Getting CH20 footprint position: (123825000, 57150000)
DEBUG: board_modifier.py:84: Searching for optional ST20 footprint in /home/alexh/Documents/Code/zkeeb/hw/zkeeb_kicad/zkeeb_kicad.kicad_pcb
DEBUG: board_modifier.py:89: Footprint not found
DEBUG: key_placer.py:934: Placing additional elements for CH34
DEBUG: board_modifier.py:132: Getting CH34 footprint position: (109537500, 76200000)
DEBUG: board_modifier.py:84: Searching for optional ST34 footprint in /home/alexh/Documents/Code/zkeeb/hw/zkeeb_kicad/zkeeb_kicad.kicad_pcb
DEBUG: board_modifier.py:89: Footprint not found
DEBUG: key_placer.py:934: Placing additional elements for CH10
DEBUG: board_modifier.py:132: Getting CH10 footprint position: (209550000, 38100000)
DEBUG: board_modifier.py:84: Searching for optional ST10 footprint in /home/alexh/Documents/Code/zkeeb/hw/zkeeb_kicad/zkeeb_kicad.kicad_pcb
DEBUG: board_modifier.py:89: Footprint not found
DEBUG: key_placer.py:934: Placing additional elements for CH14
DEBUG: board_modifier.py:132: Getting CH14 footprint position: (295275000, 38100000)
DEBUG: board_modifier.py:84: Searching for optional ST14 footprint in /home/alexh/Documents/Code/zkeeb/hw/zkeeb_kicad/zkeeb_kicad.kicad_pcb
DEBUG: board_modifier.py:89: Footprint not found
DEBUG: key_placer.py:934: Placing additional elements for CH42
DEBUG: board_modifier.py:132: Getting CH42 footprint position: (261937500, 76200000)
DEBUG: board_modifier.py:84: Searching for optional ST42 footprint in /home/alexh/Documents/Code/zkeeb/hw/zkeeb_kicad/zkeeb_kicad.kicad_pcb
DEBUG: board_modifier.py:89: Footprint not found
DEBUG: key_placer.py:934: Placing additional elements for CH25
DEBUG: board_modifier.py:132: Getting CH25 footprint position: (219075000, 57150000)
DEBUG: board_modifier.py:84: Searching for optional ST25 footprint in /home/alexh/Documents/Code/zkeeb/hw/zkeeb_kicad/zkeeb_kicad.kicad_pcb
DEBUG: board_modifier.py:89: Footprint not found
DEBUG: key_placer.py:934: Placing additional elements for CH51
DEBUG: board_modifier.py:132: Getting CH51 footprint position: (176212500, 95250000)
DEBUG: board_modifier.py:84: Searching for optional ST51 footprint in /home/alexh/Documents/Code/zkeeb/hw/zkeeb_kicad/zkeeb_kicad.kicad_pcb
DEBUG: board_modifier.py:89: Footprint not found
DEBUG: key_placer.py:934: Placing additional elements for CH3
DEBUG: board_modifier.py:132: Getting CH3 footprint position: (76200000, 38100000)
DEBUG: board_modifier.py:84: Searching for optional ST3 footprint in /home/alexh/Documents/Code/zkeeb/hw/zkeeb_kicad/zkeeb_kicad.kicad_pcb
DEBUG: board_modifier.py:89: Footprint not found
DEBUG: key_placer.py:934: Placing additional elements for CH49
DEBUG: board_modifier.py:132: Getting CH49 footprint position: (138112500, 95250000)
DEBUG: board_modifier.py:84: Searching for optional ST49 footprint in /home/alexh/Documents/Code/zkeeb/hw/zkeeb_kicad/zkeeb_kicad.kicad_pcb
DEBUG: board_modifier.py:89: Footprint not found
DEBUG: key_placer.py:934: Placing additional elements for CH5
DEBUG: board_modifier.py:132: Getting CH5 footprint position: (114300000, 38100000)
DEBUG: board_modifier.py:84: Searching for optional ST5 footprint in /home/alexh/Documents/Code/zkeeb/hw/zkeeb_kicad/zkeeb_kicad.kicad_pcb
DEBUG: board_modifier.py:89: Footprint not found
DEBUG: key_placer.py:934: Placing additional elements for CH58
DEBUG: board_modifier.py:132: Getting CH58 footprint position: (323850000, 95250000)
DEBUG: board_modifier.py:84: Searching for optional ST58 footprint in /home/alexh/Documents/Code/zkeeb/hw/zkeeb_kicad/zkeeb_kicad.kicad_pcb
DEBUG: board_modifier.py:89: Footprint not found
DEBUG: key_placer.py:934: Placing additional elements for CH40
DEBUG: board_modifier.py:132: Getting CH40 footprint position: (223837500, 76200000)
DEBUG: board_modifier.py:84: Searching for optional ST40 footprint in /home/alexh/Documents/Code/zkeeb/hw/zkeeb_kicad/zkeeb_kicad.kicad_pcb
DEBUG: board_modifier.py:89: Footprint not found
DEBUG: key_placer.py:934: Placing additional elements for CH41
DEBUG: board_modifier.py:132: Getting CH41 footprint position: (242887500, 76200000)
DEBUG: board_modifier.py:84: Searching for optional ST41 footprint in /home/alexh/Documents/Code/zkeeb/hw/zkeeb_kicad/zkeeb_kicad.kicad_pcb
DEBUG: board_modifier.py:89: Footprint not found
DEBUG: key_placer.py:934: Placing additional elements for CH65
DEBUG: board_modifier.py:132: Getting CH65 footprint position: (266700000, 114300000)
DEBUG: board_modifier.py:84: Searching for optional ST65 footprint in /home/alexh/Documents/Code/zkeeb/hw/zkeeb_kicad/zkeeb_kicad.kicad_pcb
DEBUG: board_modifier.py:89: Footprint not found
DEBUG: key_placer.py:934: Placing additional elements for CH47
DEBUG: board_modifier.py:132: Getting CH47 footprint position: (100012500, 95250000)
DEBUG: board_modifier.py:84: Searching for optional ST47 footprint in /home/alexh/Documents/Code/zkeeb/hw/zkeeb_kicad/zkeeb_kicad.kicad_pcb
DEBUG: board_modifier.py:89: Footprint not found
DEBUG: key_placer.py:934: Placing additional elements for CH37
DEBUG: board_modifier.py:132: Getting CH37 footprint position: (166687500, 76200000)
DEBUG: board_modifier.py:84: Searching for optional ST37 footprint in /home/alexh/Documents/Code/zkeeb/hw/zkeeb_kicad/zkeeb_kicad.kicad_pcb
DEBUG: board_modifier.py:89: Footprint not found
DEBUG: key_placer.py:934: Placing additional elements for CH52
DEBUG: board_modifier.py:132: Getting CH52 footprint position: (195262500, 95250000)
DEBUG: board_modifier.py:84: Searching for optional ST52 footprint in /home/alexh/Documents/Code/zkeeb/hw/zkeeb_kicad/zkeeb_kicad.kicad_pcb
DEBUG: board_modifier.py:89: Footprint not found
DEBUG: key_placer.py:934: Placing additional elements for CH67
DEBUG: board_modifier.py:132: Getting CH67 footprint position: (304800000, 114300000)
DEBUG: board_modifier.py:84: Searching for optional ST67 footprint in /home/alexh/Documents/Code/zkeeb/hw/zkeeb_kicad/zkeeb_kicad.kicad_pcb
DEBUG: board_modifier.py:89: Footprint not found
DEBUG: key_placer.py:934: Placing additional elements for CH60
DEBUG: board_modifier.py:132: Getting CH60 footprint position: (64293750, 114300000)
DEBUG: board_modifier.py:84: Searching for optional ST60 footprint in /home/alexh/Documents/Code/zkeeb/hw/zkeeb_kicad/zkeeb_kicad.kicad_pcb
DEBUG: board_modifier.py:89: Footprint not found
DEBUG: key_placer.py:934: Placing additional elements for CH6
DEBUG: board_modifier.py:132: Getting CH6 footprint position: (133350000, 38100000)
DEBUG: board_modifier.py:84: Searching for optional ST6 footprint in /home/alexh/Documents/Code/zkeeb/hw/zkeeb_kicad/zkeeb_kicad.kicad_pcb
DEBUG: board_modifier.py:89: Footprint not found
DEBUG: key_placer.py:934: Placing additional elements for CH33
DEBUG: board_modifier.py:132: Getting CH33 footprint position: (90487500, 76200000)
DEBUG: board_modifier.py:84: Searching for optional ST33 footprint in /home/alexh/Documents/Code/zkeeb/hw/zkeeb_kicad/zkeeb_kicad.kicad_pcb
DEBUG: board_modifier.py:89: Footprint not found
DEBUG: key_placer.py:934: Placing additional elements for CH39
DEBUG: board_modifier.py:132: Getting CH39 footprint position: (204787500, 76200000)
DEBUG: board_modifier.py:84: Searching for optional ST39 footprint in /home/alexh/Documents/Code/zkeeb/hw/zkeeb_kicad/zkeeb_kicad.kicad_pcb
DEBUG: board_modifier.py:89: Footprint not found
DEBUG: key_placer.py:934: Placing additional elements for CH54
DEBUG: board_modifier.py:132: Getting CH54 footprint position: (233362500, 95250000)
DEBUG: board_modifier.py:84: Searching for optional ST54 footprint in /home/alexh/Documents/Code/zkeeb/hw/zkeeb_kicad/zkeeb_kicad.kicad_pcb
DEBUG: board_modifier.py:89: Footprint not found
DEBUG: key_placer.py:934: Placing additional elements for CH35
DEBUG: board_modifier.py:132: Getting CH35 footprint position: (128587500, 76200000)
DEBUG: board_modifier.py:84: Searching for optional ST35 footprint in /home/alexh/Documents/Code/zkeeb/hw/zkeeb_kicad/zkeeb_kicad.kicad_pcb
DEBUG: board_modifier.py:89: Footprint not found
DEBUG: key_placer.py:934: Placing additional elements for CH62
DEBUG: board_modifier.py:132: Getting CH62 footprint position: (159543750, 114300000)
DEBUG: board_modifier.py:84: Searching for optional ST62 footprint in /home/alexh/Documents/Code/zkeeb/hw/zkeeb_kicad/zkeeb_kicad.kicad_pcb
DEBUG: board_modifier.py:89: Footprint not found
DEBUG: key_placer.py:934: Placing additional elements for CH31
DEBUG: board_modifier.py:132: Getting CH31 footprint position: (45243750, 76200000)
DEBUG: board_modifier.py:84: Searching for optional ST31 footprint in /home/alexh/Documents/Code/zkeeb/hw/zkeeb_kicad/zkeeb_kicad.kicad_pcb
DEBUG: board_modifier.py:89: Footprint not found
DEBUG: key_placer.py:934: Placing additional elements for CH61
DEBUG: board_modifier.py:132: Getting CH61 footprint position: (88106250, 114300000)
DEBUG: board_modifier.py:84: Searching for optional ST61 footprint in /home/alexh/Documents/Code/zkeeb/hw/zkeeb_kicad/zkeeb_kicad.kicad_pcb
DEBUG: board_modifier.py:89: Footprint not found
DEBUG: key_placer.py:934: Placing additional elements for CH16
DEBUG: board_modifier.py:132: Getting CH16 footprint position: (42862500, 57150000)
DEBUG: board_modifier.py:84: Searching for optional ST16 footprint in /home/alexh/Documents/Code/zkeeb/hw/zkeeb_kicad/zkeeb_kicad.kicad_pcb
DEBUG: board_modifier.py:89: Footprint not found
DEBUG: key_placer.py:934: Placing additional elements for CH9
DEBUG: board_modifier.py:132: Getting CH9 footprint position: (190500000, 38100000)
DEBUG: board_modifier.py:84: Searching for optional ST9 footprint in /home/alexh/Documents/Code/zkeeb/hw/zkeeb_kicad/zkeeb_kicad.kicad_pcb
DEBUG: board_modifier.py:89: Footprint not found
DEBUG: key_placer.py:934: Placing additional elements for CH8
DEBUG: board_modifier.py:132: Getting CH8 footprint position: (171450000, 38100000)
DEBUG: board_modifier.py:84: Searching for optional ST8 footprint in /home/alexh/Documents/Code/zkeeb/hw/zkeeb_kicad/zkeeb_kicad.kicad_pcb
DEBUG: board_modifier.py:89: Footprint not found
DEBUG: key_placer.py:934: Placing additional elements for CH22
DEBUG: board_modifier.py:132: Getting CH22 footprint position: (161925000, 57150000)
DEBUG: board_modifier.py:84: Searching for optional ST22 footprint in /home/alexh/Documents/Code/zkeeb/hw/zkeeb_kicad/zkeeb_kicad.kicad_pcb
DEBUG: board_modifier.py:89: Footprint not found
DEBUG: key_placer.py:934: Placing additional elements for CH1
DEBUG: board_modifier.py:132: Getting CH1 footprint position: (38100000, 38100000)
DEBUG: board_modifier.py:84: Searching for optional ST1 footprint in /home/alexh/Documents/Code/zkeeb/hw/zkeeb_kicad/zkeeb_kicad.kicad_pcb
DEBUG: board_modifier.py:89: Footprint not found
DEBUG: key_placer.py:934: Placing additional elements for CH15
DEBUG: board_modifier.py:132: Getting CH15 footprint position: (323850000, 38100000)
DEBUG: board_modifier.py:84: Searching for optional ST15 footprint in /home/alexh/Documents/Code/zkeeb/hw/zkeeb_kicad/zkeeb_kicad.kicad_pcb
DEBUG: board_modifier.py:89: Footprint not found
DEBUG: key_placer.py:934: Placing additional elements for CH50
DEBUG: board_modifier.py:132: Getting CH50 footprint position: (157162500, 95250000)
DEBUG: board_modifier.py:84: Searching for optional ST50 footprint in /home/alexh/Documents/Code/zkeeb/hw/zkeeb_kicad/zkeeb_kicad.kicad_pcb
DEBUG: board_modifier.py:89: Footprint not found
DEBUG: key_placer.py:934: Placing additional elements for CH28
DEBUG: board_modifier.py:132: Getting CH28 footprint position: (276225000, 57150000)
DEBUG: board_modifier.py:84: Searching for optional ST28 footprint in /home/alexh/Documents/Code/zkeeb/hw/zkeeb_kicad/zkeeb_kicad.kicad_pcb
DEBUG: board_modifier.py:89: Footprint not found
DEBUG: key_placer.py:934: Placing additional elements for CH23
DEBUG: board_modifier.py:132: Getting CH23 footprint position: (180975000, 57150000)
DEBUG: board_modifier.py:84: Searching for optional ST23 footprint in /home/alexh/Documents/Code/zkeeb/hw/zkeeb_kicad/zkeeb_kicad.kicad_pcb
DEBUG: board_modifier.py:89: Footprint not found
DEBUG: key_placer.py:934: Placing additional elements for CH2
DEBUG: board_modifier.py:132: Getting CH2 footprint position: (57150000, 38100000)
DEBUG: board_modifier.py:84: Searching for optional ST2 footprint in /home/alexh/Documents/Code/zkeeb/hw/zkeeb_kicad/zkeeb_kicad.kicad_pcb
DEBUG: board_modifier.py:89: Footprint not found
DEBUG: key_placer.py:934: Placing additional elements for CH57
DEBUG: board_modifier.py:132: Getting CH57 footprint position: (304800000, 95250000)
DEBUG: board_modifier.py:84: Searching for optional ST57 footprint in /home/alexh/Documents/Code/zkeeb/hw/zkeeb_kicad/zkeeb_kicad.kicad_pcb
DEBUG: board_modifier.py:89: Footprint not found
DEBUG: key_placer.py:934: Placing additional elements for CH11
DEBUG: board_modifier.py:132: Getting CH11 footprint position: (228600000, 38100000)
DEBUG: board_modifier.py:84: Searching for optional ST11 footprint in /home/alexh/Documents/Code/zkeeb/hw/zkeeb_kicad/zkeeb_kicad.kicad_pcb
DEBUG: board_modifier.py:89: Footprint not found
INFO: key_placer.py:484: Routing CH63 with D63
INFO: key_placer.py:486: Using internal autorouter method
DEBUG: board_modifier.py:592: Routing at F.Cu layer
DEBUG: board_modifier.py:609: Netclass: Default, track width: 200000
DEBUG: board_modifier.py:675: Routing pad 'CH63:2' at (222762500, 120050000) with pad 'D63:2' at (236600000, 112650000) using coordinate system rotated by 0 degree(s)
INFO: key_placer.py:484: Routing CH17 with D17
INFO: key_placer.py:486: Using internal autorouter method
DEBUG: board_modifier.py:592: Routing at F.Cu layer
DEBUG: board_modifier.py:609: Netclass: Default, track width: 200000
DEBUG: board_modifier.py:675: Routing pad 'CH17:2' at (60837500, 62900000) with pad 'D17:2' at (74675000, 55500000) using coordinate system rotated by 0 degree(s)
INFO: key_placer.py:484: Routing CH45 with D45
INFO: key_placer.py:486: Using internal autorouter method
DEBUG: board_modifier.py:592: Routing at F.Cu layer
DEBUG: board_modifier.py:609: Netclass: Default, track width: 200000
DEBUG: board_modifier.py:675: Routing pad 'CH45:2' at (44168750, 101000000) with pad 'D45:2' at (58006250, 93600000) using coordinate system rotated by 0 degree(s)
INFO: key_placer.py:484: Routing CH4 with D4
INFO: key_placer.py:486: Using internal autorouter method
DEBUG: board_modifier.py:592: Routing at F.Cu layer
DEBUG: board_modifier.py:609: Netclass: Default, track width: 200000
DEBUG: board_modifier.py:675: Routing pad 'CH4:2' at (89412500, 43850000) with pad 'D4:2' at (103250000, 36450000) using coordinate system rotated by 0 degree(s)
INFO: key_placer.py:484: Routing CH13 with D13
INFO: key_placer.py:486: Using internal autorouter method
DEBUG: board_modifier.py:592: Routing at F.Cu layer
DEBUG: board_modifier.py:609: Netclass: Default, track width: 200000
DEBUG: board_modifier.py:675: Routing pad 'CH13:2' at (260862500, 43850000) with pad 'D13:2' at (274700000, 36450000) using coordinate system rotated by 0 degree(s)
INFO: key_placer.py:484: Routing CH48 with D48
INFO: key_placer.py:486: Using internal autorouter method
DEBUG: board_modifier.py:592: Routing at F.Cu layer
DEBUG: board_modifier.py:609: Netclass: Default, track width: 200000
DEBUG: board_modifier.py:675: Routing pad 'CH48:2' at (113225000, 101000000) with pad 'D48:2' at (127062500, 93600000) using coordinate system rotated by 0 degree(s)
INFO: key_placer.py:484: Routing CH43 with D43
INFO: key_placer.py:486: Using internal autorouter method
DEBUG: board_modifier.py:592: Routing at F.Cu layer
DEBUG: board_modifier.py:609: Netclass: Default, track width: 200000
DEBUG: board_modifier.py:675: Routing pad 'CH43:2' at (287056250, 81950000) with pad 'D43:2' at (300893750, 74550000) using coordinate system rotated by 0 degree(s)
INFO: key_placer.py:484: Routing CH66 with D66
INFO: key_placer.py:486: Using internal autorouter method
DEBUG: board_modifier.py:592: Routing at F.Cu layer
DEBUG: board_modifier.py:609: Netclass: Default, track width: 200000
DEBUG: board_modifier.py:675: Routing pad 'CH66:2' at (279912500, 120050000) with pad 'D66:2' at (293750000, 112650000) using coordinate system rotated by 0 degree(s)
INFO: key_placer.py:484: Routing CH44 with D44
INFO: key_placer.py:486: Using internal autorouter method
DEBUG: board_modifier.py:592: Routing at F.Cu layer
DEBUG: board_modifier.py:609: Netclass: Default, track width: 200000
DEBUG: board_modifier.py:675: Routing pad 'CH44:2' at (318012500, 81950000) with pad 'D44:2' at (331850000, 74550000) using coordinate system rotated by 0 degree(s)
INFO: key_placer.py:484: Routing CH27 with D27
INFO: key_placer.py:486: Using internal autorouter method
DEBUG: board_modifier.py:592: Routing at F.Cu layer
DEBUG: board_modifier.py:609: Netclass: Default, track width: 200000
DEBUG: board_modifier.py:675: Routing pad 'CH27:2' at (251337500, 62900000) with pad 'D27:2' at (265175000, 55500000) using coordinate system rotated by 0 degree(s)
INFO: key_placer.py:484: Routing CH56 with D56
INFO: key_placer.py:486: Using internal autorouter method
DEBUG: board_modifier.py:592: Routing at F.Cu layer
DEBUG: board_modifier.py:609: Netclass: Default, track width: 200000
DEBUG: board_modifier.py:675: Routing pad 'CH56:2' at (272768750, 101000000) with pad 'D56:2' at (286606250, 93600000) using coordinate system rotated by 0 degree(s)
INFO: key_placer.py:484: Routing CH64 with D64
INFO: key_placer.py:486: Using internal autorouter method
DEBUG: board_modifier.py:592: Routing at F.Cu layer
DEBUG: board_modifier.py:609: Netclass: Default, track width: 200000
DEBUG: board_modifier.py:675: Routing pad 'CH64:2' at (241812500, 120050000) with pad 'D64:2' at (255650000, 112650000) using coordinate system rotated by 0 degree(s)
INFO: key_placer.py:484: Routing CH18 with D18
INFO: key_placer.py:486: Using internal autorouter method
DEBUG: board_modifier.py:592: Routing at F.Cu layer
DEBUG: board_modifier.py:609: Netclass: Default, track width: 200000
DEBUG: board_modifier.py:675: Routing pad 'CH18:2' at (79887500, 62900000) with pad 'D18:2' at (93725000, 55500000) using coordinate system rotated by 0 degree(s)
INFO: key_placer.py:484: Routing CH53 with D53
INFO: key_placer.py:486: Using internal autorouter method
DEBUG: board_modifier.py:592: Routing at F.Cu layer
DEBUG: board_modifier.py:609: Netclass: Default, track width: 200000
DEBUG: board_modifier.py:675: Routing pad 'CH53:2' at (208475000, 101000000) with pad 'D53:2' at (222312500, 93600000) using coordinate system rotated by 0 degree(s)
INFO: key_placer.py:484: Routing CH46 with D46
INFO: key_placer.py:486: Using internal autorouter method
DEBUG: board_modifier.py:592: Routing at F.Cu layer
DEBUG: board_modifier.py:609: Netclass: Default, track width: 200000
DEBUG: board_modifier.py:675: Routing pad 'CH46:2' at (75125000, 101000000) with pad 'D46:2' at (88962500, 93600000) using coordinate system rotated by 0 degree(s)
INFO: key_placer.py:484: Routing CH21 with D21
INFO: key_placer.py:486: Using internal autorouter method
DEBUG: board_modifier.py:592: Routing at F.Cu layer
DEBUG: board_modifier.py:609: Netclass: Default, track width: 200000
DEBUG: board_modifier.py:675: Routing pad 'CH21:2' at (137037500, 62900000) with pad 'D21:2' at (150875000, 55500000) using coordinate system rotated by 0 degree(s)
INFO: key_placer.py:484: Routing CH7 with D7
INFO: key_placer.py:486: Using internal autorouter method
DEBUG: board_modifier.py:592: Routing at F.Cu layer
DEBUG: board_modifier.py:609: Netclass: Default, track width: 200000
DEBUG: board_modifier.py:675: Routing pad 'CH7:2' at (146562500, 43850000) with pad 'D7:2' at (160400000, 36450000) using coordinate system rotated by 0 degree(s)
INFO: key_placer.py:484: Routing CH36 with D36
INFO: key_placer.py:486: Using internal autorouter method
DEBUG: board_modifier.py:592: Routing at F.Cu layer
DEBUG: board_modifier.py:609: Netclass: Default, track width: 200000
DEBUG: board_modifier.py:675: Routing pad 'CH36:2' at (141800000, 81950000) with pad 'D36:2' at (155637500, 74550000) using coordinate system rotated by 0 degree(s)
INFO: key_placer.py:484: Routing CH19 with D19
INFO: key_placer.py:486: Using internal autorouter method
DEBUG: board_modifier.py:592: Routing at F.Cu layer
DEBUG: board_modifier.py:609: Netclass: Default, track width: 200000
DEBUG: board_modifier.py:675: Routing pad 'CH19:2' at (98937500, 62900000) with pad 'D19:2' at (112775000, 55500000) using coordinate system rotated by 0 degree(s)
INFO: key_placer.py:484: Routing CH55 with D55
INFO: key_placer.py:486: Using internal autorouter method
DEBUG: board_modifier.py:592: Routing at F.Cu layer
DEBUG: board_modifier.py:609: Netclass: Default, track width: 200000
DEBUG: board_modifier.py:675: Routing pad 'CH55:2' at (246575000, 101000000) with pad 'D55:2' at (260412500, 93600000) using coordinate system rotated by 0 degree(s)
INFO: key_placer.py:484: Routing CH26 with D26
INFO: key_placer.py:486: Using internal autorouter method
DEBUG: board_modifier.py:592: Routing at F.Cu layer
DEBUG: board_modifier.py:609: Netclass: Default, track width: 200000
DEBUG: board_modifier.py:675: Routing pad 'CH26:2' at (232287500, 62900000) with pad 'D26:2' at (246125000, 55500000) using coordinate system rotated by 0 degree(s)
INFO: key_placer.py:484: Routing CH38 with D38
INFO: key_placer.py:486: Using internal autorouter method
DEBUG: board_modifier.py:592: Routing at F.Cu layer
DEBUG: board_modifier.py:609: Netclass: Default, track width: 200000
DEBUG: board_modifier.py:675: Routing pad 'CH38:2' at (179900000, 81950000) with pad 'D38:2' at (193737500, 74550000) using coordinate system rotated by 0 degree(s)
INFO: key_placer.py:484: Routing CH59 with D59
INFO: key_placer.py:486: Using internal autorouter method
DEBUG: board_modifier.py:592: Routing at F.Cu layer
DEBUG: board_modifier.py:609: Netclass: Default, track width: 200000
DEBUG: board_modifier.py:675: Routing pad 'CH59:2' at (34643750, 120050000) with pad 'D59:2' at (48481250, 112650000) using coordinate system rotated by 0 degree(s)
INFO: key_placer.py:484: Routing CH68 with D68
INFO: key_placer.py:486: Using internal autorouter method
DEBUG: board_modifier.py:592: Routing at F.Cu layer
DEBUG: board_modifier.py:609: Netclass: Default, track width: 200000
DEBUG: board_modifier.py:675: Routing pad 'CH68:2' at (318012500, 120050000) with pad 'D68:2' at (331850000, 112650000) using coordinate system rotated by 0 degree(s)
INFO: key_placer.py:484: Routing CH29 with D29
INFO: key_placer.py:486: Using internal autorouter method
DEBUG: board_modifier.py:592: Routing at F.Cu layer
DEBUG: board_modifier.py:609: Netclass: Default, track width: 200000
DEBUG: board_modifier.py:675: Routing pad 'CH29:2' at (294200000, 62900000) with pad 'D29:2' at (308037500, 55500000) using coordinate system rotated by 0 degree(s)
INFO: key_placer.py:484: Routing CH12 with D12
INFO: key_placer.py:486: Using internal autorouter method
DEBUG: board_modifier.py:592: Routing at F.Cu layer
DEBUG: board_modifier.py:609: Netclass: Default, track width: 200000
DEBUG: board_modifier.py:675: Routing pad 'CH12:2' at (241812500, 43850000) with pad 'D12:2' at (255650000, 36450000) using coordinate system rotated by 0 degree(s)
INFO: key_placer.py:484: Routing CH24 with D24
INFO: key_placer.py:486: Using internal autorouter method
DEBUG: board_modifier.py:592: Routing at F.Cu layer
DEBUG: board_modifier.py:609: Netclass: Default, track width: 200000
DEBUG: board_modifier.py:675: Routing pad 'CH24:2' at (194187500, 62900000) with pad 'D24:2' at (208025000, 55500000) using coordinate system rotated by 0 degree(s)
INFO: key_placer.py:484: Routing CH30 with D30
INFO: key_placer.py:486: Using internal autorouter method
DEBUG: board_modifier.py:592: Routing at F.Cu layer
DEBUG: board_modifier.py:609: Netclass: Default, track width: 200000
DEBUG: board_modifier.py:675: Routing pad 'CH30:2' at (318012500, 62900000) with pad 'D30:2' at (331850000, 55500000) using coordinate system rotated by 0 degree(s)
INFO: key_placer.py:484: Routing CH32 with D32
INFO: key_placer.py:486: Using internal autorouter method
DEBUG: board_modifier.py:592: Routing at F.Cu layer
DEBUG: board_modifier.py:609: Netclass: Default, track width: 200000
DEBUG: board_modifier.py:675: Routing pad 'CH32:2' at (65600000, 81950000) with pad 'D32:2' at (79437500, 74550000) using coordinate system rotated by 0 degree(s)
INFO: key_placer.py:484: Routing CH20 with D20
INFO: key_placer.py:486: Using internal autorouter method
DEBUG: board_modifier.py:592: Routing at F.Cu layer
DEBUG: board_modifier.py:609: Netclass: Default, track width: 200000
DEBUG: board_modifier.py:675: Routing pad 'CH20:2' at (117987500, 62900000) with pad 'D20:2' at (131825000, 55500000) using coordinate system rotated by 0 degree(s)
INFO: key_placer.py:484: Routing CH34 with D34
INFO: key_placer.py:486: Using internal autorouter method
DEBUG: board_modifier.py:592: Routing at F.Cu layer
DEBUG: board_modifier.py:609: Netclass: Default, track width: 200000
DEBUG: board_modifier.py:675: Routing pad 'CH34:2' at (103700000, 81950000) with pad 'D34:2' at (117537500, 74550000) using coordinate system rotated by 0 degree(s)
INFO: key_placer.py:484: Routing CH10 with D10
INFO: key_placer.py:486: Using internal autorouter method
DEBUG: board_modifier.py:592: Routing at F.Cu layer
DEBUG: board_modifier.py:609: Netclass: Default, track width: 200000
DEBUG: board_modifier.py:675: Routing pad 'CH10:2' at (203712500, 43850000) with pad 'D10:2' at (217550000, 36450000) using coordinate system rotated by 0 degree(s)
INFO: key_placer.py:484: Routing CH14 with D14
INFO: key_placer.py:486: Using internal autorouter method
DEBUG: board_modifier.py:592: Routing at F.Cu layer
DEBUG: board_modifier.py:609: Netclass: Default, track width: 200000
DEBUG: board_modifier.py:675: Routing pad 'CH14:2' at (289437500, 43850000) with pad 'D14:2' at (303275000, 36450000) using coordinate system rotated by 0 degree(s)
INFO: key_placer.py:484: Routing CH42 with D42
INFO: key_placer.py:486: Using internal autorouter method
DEBUG: board_modifier.py:592: Routing at F.Cu layer
DEBUG: board_modifier.py:609: Netclass: Default, track width: 200000
DEBUG: board_modifier.py:675: Routing pad 'CH42:2' at (256100000, 81950000) with pad 'D42:2' at (269937500, 74550000) using coordinate system rotated by 0 degree(s)
INFO: key_placer.py:484: Routing CH25 with D25
INFO: key_placer.py:486: Using internal autorouter method
DEBUG: board_modifier.py:592: Routing at F.Cu layer
DEBUG: board_modifier.py:609: Netclass: Default, track width: 200000
DEBUG: board_modifier.py:675: Routing pad 'CH25:2' at (213237500, 62900000) with pad 'D25:2' at (227075000, 55500000) using coordinate system rotated by 0 degree(s)
INFO: key_placer.py:484: Routing CH51 with D51
INFO: key_placer.py:486: Using internal autorouter method
DEBUG: board_modifier.py:592: Routing at F.Cu layer
DEBUG: board_modifier.py:609: Netclass: Default, track width: 200000
DEBUG: board_modifier.py:675: Routing pad 'CH51:2' at (170375000, 101000000) with pad 'D51:2' at (184212500, 93600000) using coordinate system rotated by 0 degree(s)
INFO: key_placer.py:484: Routing CH3 with D3
INFO: key_placer.py:486: Using internal autorouter method
DEBUG: board_modifier.py:592: Routing at F.Cu layer
DEBUG: board_modifier.py:609: Netclass: Default, track width: 200000
DEBUG: board_modifier.py:675: Routing pad 'CH3:2' at (70362500, 43850000) with pad 'D3:2' at (84200000, 36450000) using coordinate system rotated by 0 degree(s)
INFO: key_placer.py:484: Routing CH49 with D49
INFO: key_placer.py:486: Using internal autorouter method
DEBUG: board_modifier.py:592: Routing at F.Cu layer
DEBUG: board_modifier.py:609: Netclass: Default, track width: 200000
DEBUG: board_modifier.py:675: Routing pad 'CH49:2' at (132275000, 101000000) with pad 'D49:2' at (146112500, 93600000) using coordinate system rotated by 0 degree(s)
INFO: key_placer.py:484: Routing CH5 with D5
INFO: key_placer.py:486: Using internal autorouter method
DEBUG: board_modifier.py:592: Routing at F.Cu layer
DEBUG: board_modifier.py:609: Netclass: Default, track width: 200000
DEBUG: board_modifier.py:675: Routing pad 'CH5:2' at (108462500, 43850000) with pad 'D5:2' at (122300000, 36450000) using coordinate system rotated by 0 degree(s)
INFO: key_placer.py:484: Routing CH58 with D58
INFO: key_placer.py:486: Using internal autorouter method
DEBUG: board_modifier.py:592: Routing at F.Cu layer
DEBUG: board_modifier.py:609: Netclass: Default, track width: 200000
DEBUG: board_modifier.py:675: Routing pad 'CH58:2' at (318012500, 101000000) with pad 'D58:2' at (331850000, 93600000) using coordinate system rotated by 0 degree(s)
INFO: key_placer.py:484: Routing CH40 with D40
INFO: key_placer.py:486: Using internal autorouter method
DEBUG: board_modifier.py:592: Routing at F.Cu layer
DEBUG: board_modifier.py:609: Netclass: Default, track width: 200000
DEBUG: board_modifier.py:675: Routing pad 'CH40:2' at (218000000, 81950000) with pad 'D40:2' at (231837500, 74550000) using coordinate system rotated by 0 degree(s)
INFO: key_placer.py:484: Routing CH41 with D41
INFO: key_placer.py:486: Using internal autorouter method
DEBUG: board_modifier.py:592: Routing at F.Cu layer
DEBUG: board_modifier.py:609: Netclass: Default, track width: 200000
DEBUG: board_modifier.py:675: Routing pad 'CH41:2' at (237050000, 81950000) with pad 'D41:2' at (250887500, 74550000) using coordinate system rotated by 0 degree(s)
INFO: key_placer.py:484: Routing CH65 with D65
INFO: key_placer.py:486: Using internal autorouter method
DEBUG: board_modifier.py:592: Routing at F.Cu layer
DEBUG: board_modifier.py:609: Netclass: Default, track width: 200000
DEBUG: board_modifier.py:675: Routing pad 'CH65:2' at (260862500, 120050000) with pad 'D65:2' at (274700000, 112650000) using coordinate system rotated by 0 degree(s)
INFO: key_placer.py:484: Routing CH47 with D47
INFO: key_placer.py:486: Using internal autorouter method
DEBUG: board_modifier.py:592: Routing at F.Cu layer
DEBUG: board_modifier.py:609: Netclass: Default, track width: 200000
DEBUG: board_modifier.py:675: Routing pad 'CH47:2' at (94175000, 101000000) with pad 'D47:2' at (108012500, 93600000) using coordinate system rotated by 0 degree(s)
INFO: key_placer.py:484: Routing CH37 with D37
INFO: key_placer.py:486: Using internal autorouter method
DEBUG: board_modifier.py:592: Routing at F.Cu layer
DEBUG: board_modifier.py:609: Netclass: Default, track width: 200000
DEBUG: board_modifier.py:675: Routing pad 'CH37:2' at (160850000, 81950000) with pad 'D37:2' at (174687500, 74550000) using coordinate system rotated by 0 degree(s)
INFO: key_placer.py:484: Routing CH52 with D52
INFO: key_placer.py:486: Using internal autorouter method
DEBUG: board_modifier.py:592: Routing at F.Cu layer
DEBUG: board_modifier.py:609: Netclass: Default, track width: 200000
DEBUG: board_modifier.py:675: Routing pad 'CH52:2' at (189425000, 101000000) with pad 'D52:2' at (203262500, 93600000) using coordinate system rotated by 0 degree(s)
INFO: key_placer.py:484: Routing CH67 with D67
INFO: key_placer.py:486: Using internal autorouter method
DEBUG: board_modifier.py:592: Routing at F.Cu layer
DEBUG: board_modifier.py:609: Netclass: Default, track width: 200000
DEBUG: board_modifier.py:675: Routing pad 'CH67:2' at (298962500, 120050000) with pad 'D67:2' at (312800000, 112650000) using coordinate system rotated by 0 degree(s)
INFO: key_placer.py:484: Routing CH60 with D60
INFO: key_placer.py:486: Using internal autorouter method
DEBUG: board_modifier.py:592: Routing at F.Cu layer
DEBUG: board_modifier.py:609: Netclass: Default, track width: 200000
DEBUG: board_modifier.py:675: Routing pad 'CH60:2' at (58456250, 120050000) with pad 'D60:2' at (72293750, 112650000) using coordinate system rotated by 0 degree(s)
INFO: key_placer.py:484: Routing CH6 with D6
INFO: key_placer.py:486: Using internal autorouter method
DEBUG: board_modifier.py:592: Routing at F.Cu layer
DEBUG: board_modifier.py:609: Netclass: Default, track width: 200000
DEBUG: board_modifier.py:675: Routing pad 'CH6:2' at (127512500, 43850000) with pad 'D6:2' at (141350000, 36450000) using coordinate system rotated by 0 degree(s)
INFO: key_placer.py:484: Routing CH33 with D33
INFO: key_placer.py:486: Using internal autorouter method
DEBUG: board_modifier.py:592: Routing at F.Cu layer
DEBUG: board_modifier.py:609: Netclass: Default, track width: 200000
DEBUG: board_modifier.py:675: Routing pad 'CH33:2' at (84650000, 81950000) with pad 'D33:2' at (98487500, 74550000) using coordinate system rotated by 0 degree(s)
INFO: key_placer.py:484: Routing CH39 with D39
INFO: key_placer.py:486: Using internal autorouter method
DEBUG: board_modifier.py:592: Routing at F.Cu layer
DEBUG: board_modifier.py:609: Netclass: Default, track width: 200000
DEBUG: board_modifier.py:675: Routing pad 'CH39:2' at (198950000, 81950000) with pad 'D39:2' at (212787500, 74550000) using coordinate system rotated by 0 degree(s)
INFO: key_placer.py:484: Routing CH54 with D54
INFO: key_placer.py:486: Using internal autorouter method
DEBUG: board_modifier.py:592: Routing at F.Cu layer
DEBUG: board_modifier.py:609: Netclass: Default, track width: 200000
DEBUG: board_modifier.py:675: Routing pad 'CH54:2' at (227525000, 101000000) with pad 'D54:2' at (241362500, 93600000) using coordinate system rotated by 0 degree(s)
INFO: key_placer.py:484: Routing CH35 with D35
INFO: key_placer.py:486: Using internal autorouter method
DEBUG: board_modifier.py:592: Routing at F.Cu layer
DEBUG: board_modifier.py:609: Netclass: Default, track width: 200000
DEBUG: board_modifier.py:675: Routing pad 'CH35:2' at (122750000, 81950000) with pad 'D35:2' at (136587500, 74550000) using coordinate system rotated by 0 degree(s)
INFO: key_placer.py:484: Routing CH62 with D62
INFO: key_placer.py:486: Using internal autorouter method
DEBUG: board_modifier.py:592: Routing at F.Cu layer
DEBUG: board_modifier.py:609: Netclass: Default, track width: 200000
DEBUG: board_modifier.py:675: Routing pad 'CH62:2' at (153706250, 120050000) with pad 'D62:2' at (167543750, 112650000) using coordinate system rotated by 0 degree(s)
INFO: key_placer.py:484: Routing CH31 with D31
INFO: key_placer.py:486: Using internal autorouter method
DEBUG: board_modifier.py:592: Routing at F.Cu layer
DEBUG: board_modifier.py:609: Netclass: Default, track width: 200000
DEBUG: board_modifier.py:675: Routing pad 'CH31:2' at (39406250, 81950000) with pad 'D31:2' at (53243750, 74550000) using coordinate system rotated by 0 degree(s)
INFO: key_placer.py:484: Routing CH61 with D61
INFO: key_placer.py:486: Using internal autorouter method
DEBUG: board_modifier.py:592: Routing at F.Cu layer
DEBUG: board_modifier.py:609: Netclass: Default, track width: 200000
DEBUG: board_modifier.py:675: Routing pad 'CH61:2' at (82268750, 120050000) with pad 'D61:2' at (96106250, 112650000) using coordinate system rotated by 0 degree(s)
INFO: key_placer.py:484: Routing CH16 with D16
INFO: key_placer.py:486: Using internal autorouter method
DEBUG: board_modifier.py:592: Routing at F.Cu layer
DEBUG: board_modifier.py:609: Netclass: Default, track width: 200000
DEBUG: board_modifier.py:675: Routing pad 'CH16:2' at (37025000, 62900000) with pad 'D16:2' at (50862500, 55500000) using coordinate system rotated by 0 degree(s)
INFO: key_placer.py:484: Routing CH9 with D9
INFO: key_placer.py:486: Using internal autorouter method
DEBUG: board_modifier.py:592: Routing at F.Cu layer
DEBUG: board_modifier.py:609: Netclass: Default, track width: 200000
DEBUG: board_modifier.py:675: Routing pad 'CH9:2' at (184662500, 43850000) with pad 'D9:2' at (198500000, 36450000) using coordinate system rotated by 0 degree(s)
INFO: key_placer.py:484: Routing CH8 with D8
INFO: key_placer.py:486: Using internal autorouter method
DEBUG: board_modifier.py:592: Routing at F.Cu layer
DEBUG: board_modifier.py:609: Netclass: Default, track width: 200000
DEBUG: board_modifier.py:675: Routing pad 'CH8:2' at (165612500, 43850000) with pad 'D8:2' at (179450000, 36450000) using coordinate system rotated by 0 degree(s)
INFO: key_placer.py:484: Routing CH22 with D22
INFO: key_placer.py:486: Using internal autorouter method
DEBUG: board_modifier.py:592: Routing at F.Cu layer
DEBUG: board_modifier.py:609: Netclass: Default, track width: 200000
DEBUG: board_modifier.py:675: Routing pad 'CH22:2' at (156087500, 62900000) with pad 'D22:2' at (169925000, 55500000) using coordinate system rotated by 0 degree(s)
INFO: key_placer.py:484: Routing CH1 with D1
INFO: key_placer.py:486: Using internal autorouter method
DEBUG: board_modifier.py:592: Routing at F.Cu layer
DEBUG: board_modifier.py:609: Netclass: Default, track width: 200000
DEBUG: board_modifier.py:675: Routing pad 'CH1:2' at (32262500, 43850000) with pad 'D1:2' at (46100000, 36450000) using coordinate system rotated by 0 degree(s)
INFO: key_placer.py:484: Routing CH15 with D15
INFO: key_placer.py:486: Using internal autorouter method
DEBUG: board_modifier.py:592: Routing at F.Cu layer
DEBUG: board_modifier.py:609: Netclass: Default, track width: 200000
DEBUG: board_modifier.py:675: Routing pad 'CH15:2' at (318012500, 43850000) with pad 'D15:2' at (331850000, 36450000) using coordinate system rotated by 0 degree(s)
INFO: key_placer.py:484: Routing CH50 with D50
INFO: key_placer.py:486: Using internal autorouter method
DEBUG: board_modifier.py:592: Routing at F.Cu layer
DEBUG: board_modifier.py:609: Netclass: Default, track width: 200000
DEBUG: board_modifier.py:675: Routing pad 'CH50:2' at (151325000, 101000000) with pad 'D50:2' at (165162500, 93600000) using coordinate system rotated by 0 degree(s)
INFO: key_placer.py:484: Routing CH28 with D28
INFO: key_placer.py:486: Using internal autorouter method
DEBUG: board_modifier.py:592: Routing at F.Cu layer
DEBUG: board_modifier.py:609: Netclass: Default, track width: 200000
DEBUG: board_modifier.py:675: Routing pad 'CH28:2' at (270387500, 62900000) with pad 'D28:2' at (284225000, 55500000) using coordinate system rotated by 0 degree(s)
INFO: key_placer.py:484: Routing CH23 with D23
INFO: key_placer.py:486: Using internal autorouter method
DEBUG: board_modifier.py:592: Routing at F.Cu layer
DEBUG: board_modifier.py:609: Netclass: Default, track width: 200000
DEBUG: board_modifier.py:675: Routing pad 'CH23:2' at (175137500, 62900000) with pad 'D23:2' at (188975000, 55500000) using coordinate system rotated by 0 degree(s)
INFO: key_placer.py:484: Routing CH2 with D2
INFO: key_placer.py:486: Using internal autorouter method
DEBUG: board_modifier.py:592: Routing at F.Cu layer
DEBUG: board_modifier.py:609: Netclass: Default, track width: 200000
DEBUG: board_modifier.py:675: Routing pad 'CH2:2' at (51312500, 43850000) with pad 'D2:2' at (65150000, 36450000) using coordinate system rotated by 0 degree(s)
INFO: key_placer.py:484: Routing CH57 with D57
INFO: key_placer.py:486: Using internal autorouter method
DEBUG: board_modifier.py:592: Routing at F.Cu layer
DEBUG: board_modifier.py:609: Netclass: Default, track width: 200000
DEBUG: board_modifier.py:675: Routing pad 'CH57:2' at (298962500, 101000000) with pad 'D57:2' at (312800000, 93600000) using coordinate system rotated by 0 degree(s)
INFO: key_placer.py:484: Routing CH11 with D11
INFO: key_placer.py:486: Using internal autorouter method
DEBUG: board_modifier.py:592: Routing at F.Cu layer
DEBUG: board_modifier.py:609: Netclass: Default, track width: 200000
DEBUG: board_modifier.py:675: Routing pad 'CH11:2' at (222762500, 43850000) with pad 'D11:2' at (236600000, 36450000) using coordinate system rotated by 0 degree(s)
DEBUG: key_placer.py:985: Routing /R1 pads
DEBUG: board_modifier.py:592: Routing at F.Cu layer
DEBUG: board_modifier.py:609: Netclass: Default, track width: 200000
DEBUG: board_modifier.py:675: Routing pad 'D3:1' at (84200000, 39750000) with pad 'D18:1' at (93725000, 58800000) using coordinate system rotated by 0 degree(s)
DEBUG: board_modifier.py:592: Routing at F.Cu layer
DEBUG: board_modifier.py:609: Netclass: Default, track width: 200000
DEBUG: board_modifier.py:675: Routing pad 'D3:1' at (84200000, 39750000) with pad 'D4:1' at (103250000, 39750000) using coordinate system rotated by 0 degree(s)
INFO: board_modifier.py:494: Adding track segment (F.Cu): [(84200000, 39750000), (103250000, 39750000)]
DEBUG: board_modifier.py:504: Could not add track segment due to detected collision
DEBUG: board_modifier.py:592: Routing at F.Cu layer
DEBUG: board_modifier.py:609: Netclass: Default, track width: 200000
DEBUG: board_modifier.py:675: Routing pad 'D4:1' at (103250000, 39750000) with pad 'D6:1' at (141350000, 39750000) using coordinate system rotated by 0 degree(s)
INFO: board_modifier.py:494: Adding track segment (F.Cu): [(103250000, 39750000), (141350000, 39750000)]
DEBUG: board_modifier.py:504: Could not add track segment due to detected collision
DEBUG: board_modifier.py:592: Routing at F.Cu layer
DEBUG: board_modifier.py:609: Netclass: Default, track width: 200000
DEBUG: board_modifier.py:675: Routing pad 'D6:1' at (141350000, 39750000) with pad 'D22:1' at (169925000, 58800000) using coordinate system rotated by 0 degree(s)
DEBUG: board_modifier.py:592: Routing at F.Cu layer
DEBUG: board_modifier.py:609: Netclass: Default, track width: 200000
DEBUG: board_modifier.py:675: Routing pad 'D22:1' at (169925000, 58800000) with pad 'D8:1' at (179450000, 39750000) using coordinate system rotated by 0 degree(s)
DEBUG: board_modifier.py:592: Routing at F.Cu layer
DEBUG: board_modifier.py:609: Netclass: Default, track width: 200000
DEBUG: board_modifier.py:675: Routing pad 'D8:1' at (179450000, 39750000) with pad 'D26:1' at (246125000, 58800000) using coordinate system rotated by 0 degree(s)
DEBUG: board_modifier.py:592: Routing at F.Cu layer
DEBUG: board_modifier.py:609: Netclass: Default, track width: 200000
DEBUG: board_modifier.py:675: Routing pad 'D26:1' at (246125000, 58800000) with pad 'D66:1' at (293750000, 115950000) using coordinate system rotated by 0 degree(s)
DEBUG: board_modifier.py:592: Routing at F.Cu layer
DEBUG: board_modifier.py:609: Netclass: Default, track width: 200000
DEBUG: board_modifier.py:675: Routing pad 'D66:1' at (293750000, 115950000) with pad 'D30:1' at (331850000, 58800000) using coordinate system rotated by 0 degree(s)
DEBUG: board_modifier.py:592: Routing at F.Cu layer
DEBUG: board_modifier.py:609: Netclass: Default, track width: 200000
DEBUG: board_modifier.py:675: Routing pad 'D30:1' at (331850000, 58800000) with pad 'U1:2' at (388750000, 71460000) using coordinate system rotated by 0 degree(s)
INFO: board_modifier.py:494: Adding track segment (F.Cu): [(331850000, 58800000), (376090000, 58800000)]
INFO: board_modifier.py:499: Track added
INFO: board_modifier.py:494: Adding track segment (F.Cu): [(376090000, 58800000), (388750000, 71460000)]
INFO: board_modifier.py:499: Track added
DEBUG: key_placer.py:985: Routing /R4 pads
DEBUG: board_modifier.py:592: Routing at F.Cu layer
DEBUG: board_modifier.py:609: Netclass: Default, track width: 200000
DEBUG: board_modifier.py:675: Routing pad 'D45:1' at (58006250, 96900000) with pad 'D61:1' at (96106250, 115950000) using coordinate system rotated by 0 degree(s)
DEBUG: board_modifier.py:592: Routing at F.Cu layer
DEBUG: board_modifier.py:609: Netclass: Default, track width: 200000
DEBUG: board_modifier.py:675: Routing pad 'D61:1' at (96106250, 115950000) with pad 'D33:1' at (98487500, 77850000) using coordinate system rotated by 0 degree(s)
DEBUG: board_modifier.py:592: Routing at F.Cu layer
DEBUG: board_modifier.py:609: Netclass: Default, track width: 200000
DEBUG: board_modifier.py:675: Routing pad 'D33:1' at (98487500, 77850000) with pad 'D49:1' at (146112500, 96900000) using coordinate system rotated by 0 degree(s)
DEBUG: board_modifier.py:592: Routing at F.Cu layer
DEBUG: board_modifier.py:609: Netclass: Default, track width: 200000
DEBUG: board_modifier.py:675: Routing pad 'D49:1' at (146112500, 96900000) with pad 'D37:1' at (174687500, 77850000) using coordinate system rotated by 0 degree(s)
DEBUG: board_modifier.py:592: Routing at F.Cu layer
DEBUG: board_modifier.py:609: Netclass: Default, track width: 200000
DEBUG: board_modifier.py:675: Routing pad 'D37:1' at (174687500, 77850000) with pad 'D53:1' at (222312500, 96900000) using coordinate system rotated by 0 degree(s)
DEBUG: board_modifier.py:592: Routing at F.Cu layer
DEBUG: board_modifier.py:609: Netclass: Default, track width: 200000
DEBUG: board_modifier.py:675: Routing pad 'D53:1' at (222312500, 96900000) with pad 'D41:1' at (250887500, 77850000) using coordinate system rotated by 0 degree(s)
DEBUG: board_modifier.py:592: Routing at F.Cu layer
DEBUG: board_modifier.py:609: Netclass: Default, track width: 200000
DEBUG: board_modifier.py:675: Routing pad 'D41:1' at (250887500, 77850000) with pad 'D57:1' at (312800000, 96900000) using coordinate system rotated by 0 degree(s)
DEBUG: board_modifier.py:592: Routing at F.Cu layer
DEBUG: board_modifier.py:609: Netclass: Default, track width: 200000
DEBUG: board_modifier.py:675: Routing pad 'D57:1' at (312800000, 96900000) with pad 'U1:7' at (376050000, 71460000) using coordinate system rotated by 0 degree(s)
DEBUG: key_placer.py:985: Routing /C1 pads
DEBUG: board_modifier.py:592: Routing at F.Cu layer
DEBUG: board_modifier.py:609: Netclass: Default, track width: 200000
DEBUG: board_modifier.py:675: Routing pad 'CH2:1' at (64787500, 42800000) with pad 'CH4:1' at (102887500, 42800000) using coordinate system rotated by 0 degree(s)
INFO: board_modifier.py:494: Adding track segment (F.Cu): [(64787500, 42800000), (102887500, 42800000)]
DEBUG: board_modifier.py:504: Could not add track segment due to detected collision
DEBUG: board_modifier.py:592: Routing at F.Cu layer
DEBUG: board_modifier.py:609: Netclass: Default, track width: 200000
DEBUG: board_modifier.py:675: Routing pad 'CH4:1' at (102887500, 42800000) with pad 'CH37:1' at (174325000, 80900000) using coordinate system rotated by 0 degree(s)
DEBUG: board_modifier.py:592: Routing at F.Cu layer
DEBUG: board_modifier.py:609: Netclass: Default, track width: 200000
DEBUG: board_modifier.py:675: Routing pad 'CH37:1' at (174325000, 80900000) with pad 'CH38:1' at (193375000, 80900000) using coordinate system rotated by 0 degree(s)
INFO: board_modifier.py:494: Adding track segment (F.Cu): [(174325000, 80900000), (193375000, 80900000)]
DEBUG: board_modifier.py:504: Could not add track segment due to detected collision
DEBUG: board_modifier.py:592: Routing at F.Cu layer
DEBUG: board_modifier.py:609: Netclass: Default, track width: 200000
DEBUG: board_modifier.py:675: Routing pad 'CH38:1' at (193375000, 80900000) with pad 'CH39:1' at (212425000, 80900000) using coordinate system rotated by 0 degree(s)
INFO: board_modifier.py:494: Adding track segment (F.Cu): [(193375000, 80900000), (212425000, 80900000)]
DEBUG: board_modifier.py:504: Could not add track segment due to detected collision
DEBUG: board_modifier.py:592: Routing at F.Cu layer
DEBUG: board_modifier.py:609: Netclass: Default, track width: 200000
DEBUG: board_modifier.py:675: Routing pad 'CH39:1' at (212425000, 80900000) with pad 'CH40:1' at (231475000, 80900000) using coordinate system rotated by 0 degree(s)
INFO: board_modifier.py:494: Adding track segment (F.Cu): [(212425000, 80900000), (231475000, 80900000)]
DEBUG: board_modifier.py:504: Could not add track segment due to detected collision
DEBUG: board_modifier.py:592: Routing at F.Cu layer
DEBUG: board_modifier.py:609: Netclass: Default, track width: 200000
DEBUG: board_modifier.py:675: Routing pad 'CH40:1' at (231475000, 80900000) with pad 'CH11:1' at (236237500, 42800000) using coordinate system rotated by 0 degree(s)
DEBUG: board_modifier.py:592: Routing at F.Cu layer
DEBUG: board_modifier.py:609: Netclass: Default, track width: 200000
DEBUG: board_modifier.py:675: Routing pad 'CH11:1' at (236237500, 42800000) with pad 'CH12:1' at (255287500, 42800000) using coordinate system rotated by 0 degree(s)
INFO: board_modifier.py:494: Adding track segment (F.Cu): [(236237500, 42800000), (255287500, 42800000)]
DEBUG: board_modifier.py:504: Could not add track segment due to detected collision
DEBUG: board_modifier.py:592: Routing at F.Cu layer
DEBUG: board_modifier.py:609: Netclass: Default, track width: 200000
DEBUG: board_modifier.py:675: Routing pad 'CH12:1' at (255287500, 42800000) with pad 'U1:18' at (378590000, 86700000) using coordinate system rotated by 0 degree(s)
DEBUG: key_placer.py:985: Routing /R0 pads
DEBUG: board_modifier.py:592: Routing at F.Cu layer
DEBUG: board_modifier.py:609: Netclass: Default, track width: 200000
DEBUG: board_modifier.py:675: Routing pad 'D1:1' at (46100000, 39750000) with pad 'D2:1' at (65150000, 39750000) using coordinate system rotated by 0 degree(s)
INFO: board_modifier.py:494: Adding track segment (F.Cu): [(46100000, 39750000), (65150000, 39750000)]
DEBUG: board_modifier.py:504: Could not add track segment due to detected collision
DEBUG: board_modifier.py:592: Routing at F.Cu layer
DEBUG: board_modifier.py:609: Netclass: Default, track width: 200000
DEBUG: board_modifier.py:675: Routing pad 'D2:1' at (65150000, 39750000) with pad 'D17:1' at (74675000, 58800000) using coordinate system rotated by 0 degree(s)
DEBUG: board_modifier.py:592: Routing at F.Cu layer
DEBUG: board_modifier.py:609: Netclass: Default, track width: 200000
DEBUG: board_modifier.py:675: Routing pad 'D17:1' at (74675000, 58800000) with pad 'D5:1' at (122300000, 39750000) using coordinate system rotated by 0 degree(s)
DEBUG: board_modifier.py:592: Routing at F.Cu layer
DEBUG: board_modifier.py:609: Netclass: Default, track width: 200000
DEBUG: board_modifier.py:675: Routing pad 'D5:1' at (122300000, 39750000) with pad 'D21:1' at (150875000, 58800000) using coordinate system rotated by 0 degree(s)
DEBUG: board_modifier.py:592: Routing at F.Cu layer
DEBUG: board_modifier.py:609: Netclass: Default, track width: 200000
DEBUG: board_modifier.py:675: Routing pad 'D21:1' at (150875000, 58800000) with pad 'D7:1' at (160400000, 39750000) using coordinate system rotated by 0 degree(s)
DEBUG: board_modifier.py:592: Routing at F.Cu layer
DEBUG: board_modifier.py:609: Netclass: Default, track width: 200000
DEBUG: board_modifier.py:675: Routing pad 'D7:1' at (160400000, 39750000) with pad 'D25:1' at (227075000, 58800000) using coordinate system rotated by 0 degree(s)
DEBUG: board_modifier.py:592: Routing at F.Cu layer
DEBUG: board_modifier.py:609: Netclass: Default, track width: 200000
DEBUG: board_modifier.py:675: Routing pad 'D25:1' at (227075000, 58800000) with pad 'D65:1' at (274700000, 115950000) using coordinate system rotated by 0 degree(s)
DEBUG: board_modifier.py:592: Routing at F.Cu layer
DEBUG: board_modifier.py:609: Netclass: Default, track width: 200000
DEBUG: board_modifier.py:675: Routing pad 'D65:1' at (274700000, 115950000) with pad 'D29:1' at (308037500, 58800000) using coordinate system rotated by 0 degree(s)
DEBUG: board_modifier.py:592: Routing at F.Cu layer
DEBUG: board_modifier.py:609: Netclass: Default, track width: 200000
DEBUG: board_modifier.py:675: Routing pad 'D29:1' at (308037500, 58800000) with pad 'U1:1' at (391290000, 71460000) using coordinate system rotated by 0 degree(s)
DEBUG: key_placer.py:985: Routing /C0 pads
DEBUG: board_modifier.py:592: Routing at F.Cu layer
DEBUG: board_modifier.py:609: Netclass: Default, track width: 200000
DEBUG: board_modifier.py:675: Routing pad 'CH1:1' at (45737500, 42800000) with pad 'CH3:1' at (83837500, 42800000) using coordinate system rotated by 0 degree(s)
INFO: board_modifier.py:494: Adding track segment (F.Cu): [(45737500, 42800000), (83837500, 42800000)]
DEBUG: board_modifier.py:504: Could not add track segment due to detected collision
DEBUG: board_modifier.py:592: Routing at F.Cu layer
DEBUG: board_modifier.py:609: Netclass: Default, track width: 200000
DEBUG: board_modifier.py:675: Routing pad 'CH3:1' at (83837500, 42800000) with pad 'CH33:1' at (98125000, 80900000) using coordinate system rotated by 0 degree(s)
DEBUG: board_modifier.py:592: Routing at F.Cu layer
DEBUG: board_modifier.py:609: Netclass: Default, track width: 200000
DEBUG: board_modifier.py:675: Routing pad 'CH33:1' at (98125000, 80900000) with pad 'CH34:1' at (117175000, 80900000) using coordinate system rotated by 0 degree(s)
INFO: board_modifier.py:494: Adding track segment (F.Cu): [(98125000, 80900000), (117175000, 80900000)]
DEBUG: board_modifier.py:504: Could not add track segment due to detected collision
DEBUG: board_modifier.py:592: Routing at F.Cu layer
DEBUG: board_modifier.py:609: Netclass: Default, track width: 200000
DEBUG: board_modifier.py:675: Routing pad 'CH34:1' at (117175000, 80900000) with pad 'CH35:1' at (136225000, 80900000) using coordinate system rotated by 0 degree(s)
INFO: board_modifier.py:494: Adding track segment (F.Cu): [(117175000, 80900000), (136225000, 80900000)]
DEBUG: board_modifier.py:504: Could not add track segment due to detected collision
DEBUG: board_modifier.py:592: Routing at F.Cu layer
DEBUG: board_modifier.py:609: Netclass: Default, track width: 200000
DEBUG: board_modifier.py:675: Routing pad 'CH35:1' at (136225000, 80900000) with pad 'CH36:1' at (155275000, 80900000) using coordinate system rotated by 0 degree(s)
INFO: board_modifier.py:494: Adding track segment (F.Cu): [(136225000, 80900000), (155275000, 80900000)]
DEBUG: board_modifier.py:504: Could not add track segment due to detected collision
DEBUG: board_modifier.py:592: Routing at F.Cu layer
DEBUG: board_modifier.py:609: Netclass: Default, track width: 200000
DEBUG: board_modifier.py:675: Routing pad 'CH36:1' at (155275000, 80900000) with pad 'CH9:1' at (198137500, 42800000) using coordinate system rotated by 0 degree(s)
DEBUG: board_modifier.py:592: Routing at F.Cu layer
DEBUG: board_modifier.py:609: Netclass: Default, track width: 200000
DEBUG: board_modifier.py:675: Routing pad 'CH9:1' at (198137500, 42800000) with pad 'CH10:1' at (217187500, 42800000) using coordinate system rotated by 0 degree(s)
INFO: board_modifier.py:494: Adding track segment (F.Cu): [(198137500, 42800000), (217187500, 42800000)]
DEBUG: board_modifier.py:504: Could not add track segment due to detected collision
DEBUG: board_modifier.py:592: Routing at F.Cu layer
DEBUG: board_modifier.py:609: Netclass: Default, track width: 200000
DEBUG: board_modifier.py:675: Routing pad 'CH10:1' at (217187500, 42800000) with pad 'U1:17' at (381130000, 86700000) using coordinate system rotated by 0 degree(s)
DEBUG: key_placer.py:985: Routing /C8 pads
DEBUG: board_modifier.py:592: Routing at F.Cu layer
DEBUG: board_modifier.py:609: Netclass: Default, track width: 200000
DEBUG: board_modifier.py:675: Routing pad 'CH65:1' at (274337500, 119000000) with pad 'CH66:1' at (293387500, 119000000) using coordinate system rotated by 0 degree(s)
INFO: board_modifier.py:494: Adding track segment (F.Cu): [(274337500, 119000000), (293387500, 119000000)]
DEBUG: board_modifier.py:504: Could not add track segment due to detected collision
DEBUG: board_modifier.py:592: Routing at F.Cu layer
DEBUG: board_modifier.py:609: Netclass: Default, track width: 200000
DEBUG: board_modifier.py:675: Routing pad 'CH66:1' at (293387500, 119000000) with pad 'CH67:1' at (312437500, 119000000) using coordinate system rotated by 0 degree(s)
INFO: board_modifier.py:494: Adding track segment (F.Cu): [(293387500, 119000000), (312437500, 119000000)]
DEBUG: board_modifier.py:504: Could not add track segment due to detected collision
DEBUG: board_modifier.py:592: Routing at F.Cu layer
DEBUG: board_modifier.py:609: Netclass: Default, track width: 200000
DEBUG: board_modifier.py:675: Routing pad 'CH67:1' at (312437500, 119000000) with pad 'CH68:1' at (331487500, 119000000) using coordinate system rotated by 0 degree(s)
INFO: board_modifier.py:494: Adding track segment (F.Cu): [(312437500, 119000000), (331487500, 119000000)]
DEBUG: board_modifier.py:504: Could not add track segment due to detected collision
DEBUG: board_modifier.py:592: Routing at F.Cu layer
DEBUG: board_modifier.py:609: Netclass: Default, track width: 200000
DEBUG: board_modifier.py:675: Routing pad 'CH68:1' at (331487500, 119000000) with pad 'U1:27' at (366443720, 79613400) using coordinate system rotated by 0 degree(s)
DEBUG: key_placer.py:985: Routing /C3 pads
DEBUG: board_modifier.py:592: Routing at F.Cu layer
DEBUG: board_modifier.py:609: Netclass: Default, track width: 200000
DEBUG: board_modifier.py:675: Routing pad 'CH16:1' at (50500000, 61850000) with pad 'CH45:1' at (57643750, 99950000) using coordinate system rotated by 0 degree(s)
DEBUG: board_modifier.py:592: Routing at F.Cu layer
DEBUG: board_modifier.py:609: Netclass: Default, track width: 200000
DEBUG: board_modifier.py:675: Routing pad 'CH45:1' at (57643750, 99950000) with pad 'CH46:1' at (88600000, 99950000) using coordinate system rotated by 0 degree(s)
INFO: board_modifier.py:494: Adding track segment (F.Cu): [(57643750, 99950000), (88600000, 99950000)]
DEBUG: board_modifier.py:504: Could not add track segment due to detected collision
DEBUG: board_modifier.py:592: Routing at F.Cu layer
DEBUG: board_modifier.py:609: Netclass: Default, track width: 200000
DEBUG: board_modifier.py:675: Routing pad 'CH46:1' at (88600000, 99950000) with pad 'CH47:1' at (107650000, 99950000) using coordinate system rotated by 0 degree(s)
INFO: board_modifier.py:494: Adding track segment (F.Cu): [(88600000, 99950000), (107650000, 99950000)]
DEBUG: board_modifier.py:504: Could not add track segment due to detected collision
DEBUG: board_modifier.py:592: Routing at F.Cu layer
DEBUG: board_modifier.py:609: Netclass: Default, track width: 200000
DEBUG: board_modifier.py:675: Routing pad 'CH47:1' at (107650000, 99950000) with pad 'CH48:1' at (126700000, 99950000) using coordinate system rotated by 0 degree(s)
INFO: board_modifier.py:494: Adding track segment (F.Cu): [(107650000, 99950000), (126700000, 99950000)]
DEBUG: board_modifier.py:504: Could not add track segment due to detected collision
DEBUG: board_modifier.py:592: Routing at F.Cu layer
DEBUG: board_modifier.py:609: Netclass: Default, track width: 200000
DEBUG: board_modifier.py:675: Routing pad 'CH48:1' at (126700000, 99950000) with pad 'CH7:1' at (160037500, 42800000) using coordinate system rotated by 0 degree(s)
DEBUG: board_modifier.py:592: Routing at F.Cu layer
DEBUG: board_modifier.py:609: Netclass: Default, track width: 200000
DEBUG: board_modifier.py:675: Routing pad 'CH7:1' at (160037500, 42800000) with pad 'CH8:1' at (179087500, 42800000) using coordinate system rotated by 0 degree(s)
INFO: board_modifier.py:494: Adding track segment (F.Cu): [(160037500, 42800000), (179087500, 42800000)]
DEBUG: board_modifier.py:504: Could not add track segment due to detected collision
DEBUG: board_modifier.py:592: Routing at F.Cu layer
DEBUG: board_modifier.py:609: Netclass: Default, track width: 200000
DEBUG: board_modifier.py:675: Routing pad 'CH8:1' at (179087500, 42800000) with pad 'CH15:1' at (331487500, 42800000) using coordinate system rotated by 0 degree(s)
INFO: board_modifier.py:494: Adding track segment (F.Cu): [(179087500, 42800000), (331487500, 42800000)]
DEBUG: board_modifier.py:504: Could not add track segment due to detected collision
DEBUG: board_modifier.py:592: Routing at F.Cu layer
DEBUG: board_modifier.py:609: Netclass: Default, track width: 200000
DEBUG: board_modifier.py:675: Routing pad 'CH15:1' at (331487500, 42800000) with pad 'U1:20' at (373510000, 86700000) using coordinate system rotated by 0 degree(s)
DEBUG: key_placer.py:985: Routing /R6 pads
DEBUG: board_modifier.py:592: Routing at F.Cu layer
DEBUG: board_modifier.py:609: Netclass: Default, track width: 200000
DEBUG: board_modifier.py:675: Routing pad 'D59:1' at (48481250, 115950000) with pad 'D47:1' at (108012500, 96900000) using coordinate system rotated by 0 degree(s)
DEBUG: board_modifier.py:592: Routing at F.Cu layer
DEBUG: board_modifier.py:609: Netclass: Default, track width: 200000
DEBUG: board_modifier.py:675: Routing pad 'D47:1' at (108012500, 96900000) with pad 'D35:1' at (136587500, 77850000) using coordinate system rotated by 0 degree(s)
DEBUG: board_modifier.py:592: Routing at F.Cu layer
DEBUG: board_modifier.py:609: Netclass: Default, track width: 200000
DEBUG: board_modifier.py:675: Routing pad 'D35:1' at (136587500, 77850000) with pad 'D51:1' at (184212500, 96900000) using coordinate system rotated by 0 degree(s)
DEBUG: board_modifier.py:592: Routing at F.Cu layer
DEBUG: board_modifier.py:609: Netclass: Default, track width: 200000
DEBUG: board_modifier.py:675: Routing pad 'D51:1' at (184212500, 96900000) with pad 'D39:1' at (212787500, 77850000) using coordinate system rotated by 0 degree(s)
DEBUG: board_modifier.py:592: Routing at F.Cu layer
DEBUG: board_modifier.py:609: Netclass: Default, track width: 200000
DEBUG: board_modifier.py:675: Routing pad 'D39:1' at (212787500, 77850000) with pad 'D63:1' at (236600000, 115950000) using coordinate system rotated by 0 degree(s)
DEBUG: board_modifier.py:592: Routing at F.Cu layer
DEBUG: board_modifier.py:609: Netclass: Default, track width: 200000
DEBUG: board_modifier.py:675: Routing pad 'D63:1' at (236600000, 115950000) with pad 'D55:1' at (260412500, 96900000) using coordinate system rotated by 0 degree(s)
DEBUG: board_modifier.py:592: Routing at F.Cu layer
DEBUG: board_modifier.py:609: Netclass: Default, track width: 200000
DEBUG: board_modifier.py:675: Routing pad 'D55:1' at (260412500, 96900000) with pad 'D43:1' at (300893750, 77850000) using coordinate system rotated by 0 degree(s)
DEBUG: board_modifier.py:592: Routing at F.Cu layer
DEBUG: board_modifier.py:609: Netclass: Default, track width: 200000
DEBUG: board_modifier.py:675: Routing pad 'D43:1' at (300893750, 77850000) with pad 'U1:9' at (370970000, 71460000) using coordinate system rotated by 0 degree(s)
DEBUG: key_placer.py:985: Routing /R5 pads
DEBUG: board_modifier.py:592: Routing at F.Cu layer
DEBUG: board_modifier.py:609: Netclass: Default, track width: 200000
DEBUG: board_modifier.py:675: Routing pad 'D46:1' at (88962500, 96900000) with pad 'D34:1' at (117537500, 77850000) using coordinate system rotated by 0 degree(s)
DEBUG: board_modifier.py:592: Routing at F.Cu layer
DEBUG: board_modifier.py:609: Netclass: Default, track width: 200000
DEBUG: board_modifier.py:675: Routing pad 'D34:1' at (117537500, 77850000) with pad 'D50:1' at (165162500, 96900000) using coordinate system rotated by 0 degree(s)
DEBUG: board_modifier.py:592: Routing at F.Cu layer
DEBUG: board_modifier.py:609: Netclass: Default, track width: 200000
DEBUG: board_modifier.py:675: Routing pad 'D50:1' at (165162500, 96900000) with pad 'D62:1' at (167543750, 115950000) using coordinate system rotated by 0 degree(s)
DEBUG: board_modifier.py:592: Routing at F.Cu layer
DEBUG: board_modifier.py:609: Netclass: Default, track width: 200000
DEBUG: board_modifier.py:675: Routing pad 'D50:1' at (165162500, 96900000) with pad 'D38:1' at (193737500, 77850000) using coordinate system rotated by 0 degree(s)
DEBUG: board_modifier.py:592: Routing at F.Cu layer
DEBUG: board_modifier.py:609: Netclass: Default, track width: 200000
DEBUG: board_modifier.py:675: Routing pad 'D38:1' at (193737500, 77850000) with pad 'D54:1' at (241362500, 96900000) using coordinate system rotated by 0 degree(s)
DEBUG: board_modifier.py:592: Routing at F.Cu layer
DEBUG: board_modifier.py:609: Netclass: Default, track width: 200000
DEBUG: board_modifier.py:675: Routing pad 'D54:1' at (241362500, 96900000) with pad 'D42:1' at (269937500, 77850000) using coordinate system rotated by 0 degree(s)
DEBUG: board_modifier.py:592: Routing at F.Cu layer
DEBUG: board_modifier.py:609: Netclass: Default, track width: 200000
DEBUG: board_modifier.py:675: Routing pad 'D42:1' at (269937500, 77850000) with pad 'D58:1' at (331850000, 96900000) using coordinate system rotated by 0 degree(s)
DEBUG: board_modifier.py:592: Routing at F.Cu layer
DEBUG: board_modifier.py:609: Netclass: Default, track width: 200000
DEBUG: board_modifier.py:675: Routing pad 'D58:1' at (331850000, 96900000) with pad 'U1:8' at (373510000, 71460000) using coordinate system rotated by 0 degree(s)
DEBUG: key_placer.py:985: Routing /R7 pads
DEBUG: board_modifier.py:592: Routing at F.Cu layer
DEBUG: board_modifier.py:609: Netclass: Default, track width: 200000
DEBUG: board_modifier.py:675: Routing pad 'D60:1' at (72293750, 115950000) with pad 'D48:1' at (127062500, 96900000) using coordinate system rotated by 0 degree(s)
DEBUG: board_modifier.py:592: Routing at F.Cu layer
DEBUG: board_modifier.py:609: Netclass: Default, track width: 200000
DEBUG: board_modifier.py:675: Routing pad 'D48:1' at (127062500, 96900000) with pad 'D36:1' at (155637500, 77850000) using coordinate system rotated by 0 degree(s)
DEBUG: board_modifier.py:592: Routing at F.Cu layer
DEBUG: board_modifier.py:609: Netclass: Default, track width: 200000
DEBUG: board_modifier.py:675: Routing pad 'D36:1' at (155637500, 77850000) with pad 'D52:1' at (203262500, 96900000) using coordinate system rotated by 0 degree(s)
DEBUG: board_modifier.py:592: Routing at F.Cu layer
DEBUG: board_modifier.py:609: Netclass: Default, track width: 200000
DEBUG: board_modifier.py:675: Routing pad 'D52:1' at (203262500, 96900000) with pad 'D40:1' at (231837500, 77850000) using coordinate system rotated by 0 degree(s)
DEBUG: board_modifier.py:592: Routing at F.Cu layer
DEBUG: board_modifier.py:609: Netclass: Default, track width: 200000
DEBUG: board_modifier.py:675: Routing pad 'D40:1' at (231837500, 77850000) with pad 'D64:1' at (255650000, 115950000) using coordinate system rotated by 0 degree(s)
DEBUG: board_modifier.py:592: Routing at F.Cu layer
DEBUG: board_modifier.py:609: Netclass: Default, track width: 200000
DEBUG: board_modifier.py:675: Routing pad 'D64:1' at (255650000, 115950000) with pad 'D56:1' at (286606250, 96900000) using coordinate system rotated by 0 degree(s)
DEBUG: board_modifier.py:592: Routing at F.Cu layer
DEBUG: board_modifier.py:609: Netclass: Default, track width: 200000
DEBUG: board_modifier.py:675: Routing pad 'D56:1' at (286606250, 96900000) with pad 'D44:1' at (331850000, 77850000) using coordinate system rotated by 0 degree(s)
DEBUG: board_modifier.py:592: Routing at F.Cu layer
DEBUG: board_modifier.py:609: Netclass: Default, track width: 200000
DEBUG: board_modifier.py:675: Routing pad 'D44:1' at (331850000, 77850000) with pad 'U1:10' at (368430000, 71460000) using coordinate system rotated by 0 degree(s)
DEBUG: key_placer.py:985: Routing /R2 pads
DEBUG: board_modifier.py:592: Routing at F.Cu layer
DEBUG: board_modifier.py:609: Netclass: Default, track width: 200000
DEBUG: board_modifier.py:675: Routing pad 'D31:1' at (53243750, 77850000) with pad 'D19:1' at (112775000, 58800000) using coordinate system rotated by 0 degree(s)
DEBUG: board_modifier.py:592: Routing at F.Cu layer
DEBUG: board_modifier.py:609: Netclass: Default, track width: 200000
DEBUG: board_modifier.py:675: Routing pad 'D19:1' at (112775000, 58800000) with pad 'D23:1' at (188975000, 58800000) using coordinate system rotated by 0 degree(s)
INFO: board_modifier.py:494: Adding track segment (F.Cu): [(112775000, 58800000), (188975000, 58800000)]
DEBUG: board_modifier.py:504: Could not add track segment due to detected collision
DEBUG: board_modifier.py:592: Routing at F.Cu layer
DEBUG: board_modifier.py:609: Netclass: Default, track width: 200000
DEBUG: board_modifier.py:675: Routing pad 'D23:1' at (188975000, 58800000) with pad 'D9:1' at (198500000, 39750000) using coordinate system rotated by 0 degree(s)
DEBUG: board_modifier.py:592: Routing at F.Cu layer
DEBUG: board_modifier.py:609: Netclass: Default, track width: 200000
DEBUG: board_modifier.py:675: Routing pad 'D9:1' at (198500000, 39750000) with pad 'D11:1' at (236600000, 39750000) using coordinate system rotated by 0 degree(s)
INFO: board_modifier.py:494: Adding track segment (F.Cu): [(198500000, 39750000), (236600000, 39750000)]
DEBUG: board_modifier.py:504: Could not add track segment due to detected collision
DEBUG: board_modifier.py:592: Routing at F.Cu layer
DEBUG: board_modifier.py:609: Netclass: Default, track width: 200000
DEBUG: board_modifier.py:675: Routing pad 'D11:1' at (236600000, 39750000) with pad 'D27:1' at (265175000, 58800000) using coordinate system rotated by 0 degree(s)
DEBUG: board_modifier.py:592: Routing at F.Cu layer
DEBUG: board_modifier.py:609: Netclass: Default, track width: 200000
DEBUG: board_modifier.py:675: Routing pad 'D27:1' at (265175000, 58800000) with pad 'D13:1' at (274700000, 39750000) using coordinate system rotated by 0 degree(s)
DEBUG: board_modifier.py:592: Routing at F.Cu layer
DEBUG: board_modifier.py:609: Netclass: Default, track width: 200000
DEBUG: board_modifier.py:675: Routing pad 'D27:1' at (265175000, 58800000) with pad 'D67:1' at (312800000, 115950000) using coordinate system rotated by 0 degree(s)
DEBUG: board_modifier.py:592: Routing at F.Cu layer
DEBUG: board_modifier.py:609: Netclass: Default, track width: 200000
DEBUG: board_modifier.py:675: Routing pad 'D13:1' at (274700000, 39750000) with pad 'D15:1' at (331850000, 39750000) using coordinate system rotated by 0 degree(s)
INFO: board_modifier.py:494: Adding track segment (F.Cu): [(274700000, 39750000), (331850000, 39750000)]
DEBUG: board_modifier.py:504: Could not add track segment due to detected collision
DEBUG: board_modifier.py:592: Routing at F.Cu layer
DEBUG: board_modifier.py:609: Netclass: Default, track width: 200000
DEBUG: board_modifier.py:675: Routing pad 'D15:1' at (331850000, 39750000) with pad 'U1:5' at (381130000, 71460000) using coordinate system rotated by 0 degree(s)
DEBUG: key_placer.py:985: Routing /C7 pads
DEBUG: board_modifier.py:592: Routing at F.Cu layer
DEBUG: board_modifier.py:609: Netclass: Default, track width: 200000
DEBUG: board_modifier.py:675: Routing pad 'CH31:1' at (52881250, 80900000) with pad 'CH32:1' at (79075000, 80900000) using coordinate system rotated by 0 degree(s)
INFO: board_modifier.py:494: Adding track segment (F.Cu): [(52881250, 80900000), (79075000, 80900000)]
DEBUG: board_modifier.py:504: Could not add track segment due to detected collision
DEBUG: board_modifier.py:592: Routing at F.Cu layer
DEBUG: board_modifier.py:609: Netclass: Default, track width: 200000
DEBUG: board_modifier.py:675: Routing pad 'CH32:1' at (79075000, 80900000) with pad 'CH61:1' at (95743750, 119000000) using coordinate system rotated by 0 degree(s)
DEBUG: board_modifier.py:592: Routing at F.Cu layer
DEBUG: board_modifier.py:609: Netclass: Default, track width: 200000
DEBUG: board_modifier.py:675: Routing pad 'CH61:1' at (95743750, 119000000) with pad 'CH62:1' at (167181250, 119000000) using coordinate system rotated by 0 degree(s)
INFO: board_modifier.py:494: Adding track segment (F.Cu): [(95743750, 119000000), (167181250, 119000000)]
DEBUG: board_modifier.py:504: Could not add track segment due to detected collision
DEBUG: board_modifier.py:592: Routing at F.Cu layer
DEBUG: board_modifier.py:609: Netclass: Default, track width: 200000
DEBUG: board_modifier.py:675: Routing pad 'CH62:1' at (167181250, 119000000) with pad 'CH63:1' at (236237500, 119000000) using coordinate system rotated by 0 degree(s)
INFO: board_modifier.py:494: Adding track segment (F.Cu): [(167181250, 119000000), (236237500, 119000000)]
DEBUG: board_modifier.py:504: Could not add track segment due to detected collision
DEBUG: board_modifier.py:592: Routing at F.Cu layer
DEBUG: board_modifier.py:609: Netclass: Default, track width: 200000
DEBUG: board_modifier.py:675: Routing pad 'CH63:1' at (236237500, 119000000) with pad 'CH64:1' at (255287500, 119000000) using coordinate system rotated by 0 degree(s)
INFO: board_modifier.py:494: Adding track segment (F.Cu): [(236237500, 119000000), (255287500, 119000000)]
DEBUG: board_modifier.py:504: Could not add track segment due to detected collision
DEBUG: board_modifier.py:592: Routing at F.Cu layer
DEBUG: board_modifier.py:609: Netclass: Default, track width: 200000
DEBUG: board_modifier.py:675: Routing pad 'CH64:1' at (255287500, 119000000) with pad 'CH29:1' at (307675000, 61850000) using coordinate system rotated by 0 degree(s)
DEBUG: board_modifier.py:592: Routing at F.Cu layer
DEBUG: board_modifier.py:609: Netclass: Default, track width: 200000
DEBUG: board_modifier.py:675: Routing pad 'CH29:1' at (307675000, 61850000) with pad 'CH30:1' at (331487500, 61850000) using coordinate system rotated by 0 degree(s)
INFO: board_modifier.py:494: Adding track segment (F.Cu): [(307675000, 61850000), (331487500, 61850000)]
DEBUG: board_modifier.py:504: Could not add track segment due to detected collision
DEBUG: board_modifier.py:592: Routing at F.Cu layer
DEBUG: board_modifier.py:609: Netclass: Default, track width: 200000
DEBUG: board_modifier.py:675: Routing pad 'CH30:1' at (331487500, 61850000) with pad 'U1:24' at (363350000, 86700000) using coordinate system rotated by 0 degree(s)
DEBUG: key_placer.py:985: Routing /C6 pads
DEBUG: board_modifier.py:592: Routing at F.Cu layer
DEBUG: board_modifier.py:609: Netclass: Default, track width: 200000
DEBUG: board_modifier.py:675: Routing pad 'CH59:1' at (48118750, 119000000) with pad 'CH60:1' at (71931250, 119000000) using coordinate system rotated by 0 degree(s)
INFO: board_modifier.py:494: Adding track segment (F.Cu): [(48118750, 119000000), (71931250, 119000000)]
DEBUG: board_modifier.py:504: Could not add track segment due to detected collision
DEBUG: board_modifier.py:592: Routing at F.Cu layer
DEBUG: board_modifier.py:609: Netclass: Default, track width: 200000
DEBUG: board_modifier.py:675: Routing pad 'CH60:1' at (71931250, 119000000) with pad 'CH25:1' at (226712500, 61850000) using coordinate system rotated by 0 degree(s)
DEBUG: board_modifier.py:592: Routing at F.Cu layer
DEBUG: board_modifier.py:609: Netclass: Default, track width: 200000
DEBUG: board_modifier.py:675: Routing pad 'CH25:1' at (226712500, 61850000) with pad 'CH26:1' at (245762500, 61850000) using coordinate system rotated by 0 degree(s)
INFO: board_modifier.py:494: Adding track segment (F.Cu): [(226712500, 61850000), (245762500, 61850000)]
DEBUG: board_modifier.py:504: Could not add track segment due to detected collision
DEBUG: board_modifier.py:592: Routing at F.Cu layer
DEBUG: board_modifier.py:609: Netclass: Default, track width: 200000
DEBUG: board_modifier.py:675: Routing pad 'CH26:1' at (245762500, 61850000) with pad 'CH27:1' at (264812500, 61850000) using coordinate system rotated by 0 degree(s)
INFO: board_modifier.py:494: Adding track segment (F.Cu): [(245762500, 61850000), (264812500, 61850000)]
DEBUG: board_modifier.py:504: Could not add track segment due to detected collision
DEBUG: board_modifier.py:592: Routing at F.Cu layer
DEBUG: board_modifier.py:609: Netclass: Default, track width: 200000
DEBUG: board_modifier.py:675: Routing pad 'CH27:1' at (264812500, 61850000) with pad 'CH28:1' at (283862500, 61850000) using coordinate system rotated by 0 degree(s)
INFO: board_modifier.py:494: Adding track segment (F.Cu): [(264812500, 61850000), (283862500, 61850000)]
DEBUG: board_modifier.py:504: Could not add track segment due to detected collision
DEBUG: board_modifier.py:592: Routing at F.Cu layer
DEBUG: board_modifier.py:609: Netclass: Default, track width: 200000
DEBUG: board_modifier.py:675: Routing pad 'CH28:1' at (283862500, 61850000) with pad 'CH57:1' at (312437500, 99950000) using coordinate system rotated by 0 degree(s)
DEBUG: board_modifier.py:592: Routing at F.Cu layer
DEBUG: board_modifier.py:609: Netclass: Default, track width: 200000
DEBUG: board_modifier.py:675: Routing pad 'CH57:1' at (312437500, 99950000) with pad 'CH58:1' at (331487500, 99950000) using coordinate system rotated by 0 degree(s)
INFO: board_modifier.py:494: Adding track segment (F.Cu): [(312437500, 99950000), (331487500, 99950000)]
DEBUG: board_modifier.py:504: Could not add track segment due to detected collision
DEBUG: board_modifier.py:592: Routing at F.Cu layer
DEBUG: board_modifier.py:609: Netclass: Default, track width: 200000
DEBUG: board_modifier.py:675: Routing pad 'CH58:1' at (331487500, 99950000) with pad 'U1:23' at (365890000, 86700000) using coordinate system rotated by 0 degree(s)
DEBUG: key_placer.py:985: Routing /R3 pads
DEBUG: board_modifier.py:592: Routing at F.Cu layer
DEBUG: board_modifier.py:609: Netclass: Default, track width: 200000
DEBUG: board_modifier.py:675: Routing pad 'D16:1' at (50862500, 58800000) with pad 'D32:1' at (79437500, 77850000) using coordinate system rotated by 0 degree(s)
DEBUG: board_modifier.py:592: Routing at F.Cu layer
DEBUG: board_modifier.py:609: Netclass: Default, track width: 200000
DEBUG: board_modifier.py:675: Routing pad 'D32:1' at (79437500, 77850000) with pad 'D20:1' at (131825000, 58800000) using coordinate system rotated by 0 degree(s)
DEBUG: board_modifier.py:592: Routing at F.Cu layer
DEBUG: board_modifier.py:609: Netclass: Default, track width: 200000
DEBUG: board_modifier.py:675: Routing pad 'D20:1' at (131825000, 58800000) with pad 'D24:1' at (208025000, 58800000) using coordinate system rotated by 0 degree(s)
INFO: board_modifier.py:494: Adding track segment (F.Cu): [(131825000, 58800000), (208025000, 58800000)]
DEBUG: board_modifier.py:504: Could not add track segment due to detected collision
DEBUG: board_modifier.py:592: Routing at F.Cu layer
DEBUG: board_modifier.py:609: Netclass: Default, track width: 200000
DEBUG: board_modifier.py:675: Routing pad 'D24:1' at (208025000, 58800000) with pad 'D10:1' at (217550000, 39750000) using coordinate system rotated by 0 degree(s)
DEBUG: board_modifier.py:592: Routing at F.Cu layer
DEBUG: board_modifier.py:609: Netclass: Default, track width: 200000
DEBUG: board_modifier.py:675: Routing pad 'D10:1' at (217550000, 39750000) with pad 'D12:1' at (255650000, 39750000) using coordinate system rotated by 0 degree(s)
INFO: board_modifier.py:494: Adding track segment (F.Cu): [(217550000, 39750000), (255650000, 39750000)]
DEBUG: board_modifier.py:504: Could not add track segment due to detected collision
DEBUG: board_modifier.py:592: Routing at F.Cu layer
DEBUG: board_modifier.py:609: Netclass: Default, track width: 200000
DEBUG: board_modifier.py:675: Routing pad 'D12:1' at (255650000, 39750000) with pad 'D28:1' at (284225000, 58800000) using coordinate system rotated by 0 degree(s)
DEBUG: board_modifier.py:592: Routing at F.Cu layer
DEBUG: board_modifier.py:609: Netclass: Default, track width: 200000
DEBUG: board_modifier.py:675: Routing pad 'D28:1' at (284225000, 58800000) with pad 'D14:1' at (303275000, 39750000) using coordinate system rotated by 0 degree(s)
DEBUG: board_modifier.py:592: Routing at F.Cu layer
DEBUG: board_modifier.py:609: Netclass: Default, track width: 200000
DEBUG: board_modifier.py:675: Routing pad 'D28:1' at (284225000, 58800000) with pad 'D68:1' at (331850000, 115950000) using coordinate system rotated by 0 degree(s)
DEBUG: board_modifier.py:592: Routing at F.Cu layer
DEBUG: board_modifier.py:609: Netclass: Default, track width: 200000
DEBUG: board_modifier.py:675: Routing pad 'D68:1' at (331850000, 115950000) with pad 'U1:6' at (378590000, 71460000) using coordinate system rotated by 0 degree(s)
DEBUG: key_placer.py:985: Routing /C5 pads
DEBUG: board_modifier.py:592: Routing at F.Cu layer
DEBUG: board_modifier.py:609: Netclass: Default, track width: 200000
DEBUG: board_modifier.py:675: Routing pad 'CH21:1' at (150512500, 61850000) with pad 'CH22:1' at (169562500, 61850000) using coordinate system rotated by 0 degree(s)
INFO: board_modifier.py:494: Adding track segment (F.Cu): [(150512500, 61850000), (169562500, 61850000)]
DEBUG: board_modifier.py:504: Could not add track segment due to detected collision
DEBUG: board_modifier.py:592: Routing at F.Cu layer
DEBUG: board_modifier.py:609: Netclass: Default, track width: 200000
DEBUG: board_modifier.py:675: Routing pad 'CH22:1' at (169562500, 61850000) with pad 'CH23:1' at (188612500, 61850000) using coordinate system rotated by 0 degree(s)
INFO: board_modifier.py:494: Adding track segment (F.Cu): [(169562500, 61850000), (188612500, 61850000)]
DEBUG: board_modifier.py:504: Could not add track segment due to detected collision
DEBUG: board_modifier.py:592: Routing at F.Cu layer
DEBUG: board_modifier.py:609: Netclass: Default, track width: 200000
DEBUG: board_modifier.py:675: Routing pad 'CH23:1' at (188612500, 61850000) with pad 'CH24:1' at (207662500, 61850000) using coordinate system rotated by 0 degree(s)
INFO: board_modifier.py:494: Adding track segment (F.Cu): [(188612500, 61850000), (207662500, 61850000)]
DEBUG: board_modifier.py:504: Could not add track segment due to detected collision
DEBUG: board_modifier.py:592: Routing at F.Cu layer
DEBUG: board_modifier.py:609: Netclass: Default, track width: 200000
DEBUG: board_modifier.py:675: Routing pad 'CH24:1' at (207662500, 61850000) with pad 'CH53:1' at (221950000, 99950000) using coordinate system rotated by 0 degree(s)
DEBUG: board_modifier.py:592: Routing at F.Cu layer
DEBUG: board_modifier.py:609: Netclass: Default, track width: 200000
DEBUG: board_modifier.py:675: Routing pad 'CH53:1' at (221950000, 99950000) with pad 'CH54:1' at (241000000, 99950000) using coordinate system rotated by 0 degree(s)
INFO: board_modifier.py:494: Adding track segment (F.Cu): [(221950000, 99950000), (241000000, 99950000)]
DEBUG: board_modifier.py:504: Could not add track segment due to detected collision
DEBUG: board_modifier.py:592: Routing at F.Cu layer
DEBUG: board_modifier.py:609: Netclass: Default, track width: 200000
DEBUG: board_modifier.py:675: Routing pad 'CH54:1' at (241000000, 99950000) with pad 'CH55:1' at (260050000, 99950000) using coordinate system rotated by 0 degree(s)
INFO: board_modifier.py:494: Adding track segment (F.Cu): [(241000000, 99950000), (260050000, 99950000)]
DEBUG: board_modifier.py:504: Could not add track segment due to detected collision
DEBUG: board_modifier.py:592: Routing at F.Cu layer
DEBUG: board_modifier.py:609: Netclass: Default, track width: 200000
DEBUG: board_modifier.py:675: Routing pad 'CH55:1' at (260050000, 99950000) with pad 'CH56:1' at (286243750, 99950000) using coordinate system rotated by 0 degree(s)
INFO: board_modifier.py:494: Adding track segment (F.Cu): [(260050000, 99950000), (286243750, 99950000)]
DEBUG: board_modifier.py:504: Could not add track segment due to detected collision
DEBUG: board_modifier.py:592: Routing at F.Cu layer
DEBUG: board_modifier.py:609: Netclass: Default, track width: 200000
DEBUG: board_modifier.py:675: Routing pad 'CH56:1' at (286243750, 99950000) with pad 'U1:22' at (368430000, 86700000) using coordinate system rotated by 0 degree(s)
DEBUG: key_placer.py:985: Routing /C2 pads
DEBUG: board_modifier.py:592: Routing at F.Cu layer
DEBUG: board_modifier.py:609: Netclass: Default, track width: 200000
DEBUG: board_modifier.py:675: Routing pad 'CH5:1' at (121937500, 42800000) with pad 'CH6:1' at (140987500, 42800000) using coordinate system rotated by 0 degree(s)
INFO: board_modifier.py:494: Adding track segment (F.Cu): [(121937500, 42800000), (140987500, 42800000)]
DEBUG: board_modifier.py:504: Could not add track segment due to detected collision
DEBUG: board_modifier.py:592: Routing at F.Cu layer
DEBUG: board_modifier.py:609: Netclass: Default, track width: 200000
DEBUG: board_modifier.py:675: Routing pad 'CH6:1' at (140987500, 42800000) with pad 'CH41:1' at (250525000, 80900000) using coordinate system rotated by 0 degree(s)
DEBUG: board_modifier.py:592: Routing at F.Cu layer
DEBUG: board_modifier.py:609: Netclass: Default, track width: 200000
DEBUG: board_modifier.py:675: Routing pad 'CH41:1' at (250525000, 80900000) with pad 'CH42:1' at (269575000, 80900000) using coordinate system rotated by 0 degree(s)
INFO: board_modifier.py:494: Adding track segment (F.Cu): [(250525000, 80900000), (269575000, 80900000)]
DEBUG: board_modifier.py:504: Could not add track segment due to detected collision
DEBUG: board_modifier.py:592: Routing at F.Cu layer
DEBUG: board_modifier.py:609: Netclass: Default, track width: 200000
DEBUG: board_modifier.py:675: Routing pad 'CH14:1' at (302912500, 42800000) with pad 'CH13:1' at (274337500, 42800000) using coordinate system rotated by 0 degree(s)
INFO: board_modifier.py:494: Adding track segment (F.Cu): [(302912500, 42800000), (274337500, 42800000)]
DEBUG: board_modifier.py:504: Could not add track segment due to detected collision
DEBUG: board_modifier.py:592: Routing at F.Cu layer
DEBUG: board_modifier.py:609: Netclass: Default, track width: 200000
DEBUG: board_modifier.py:675: Routing pad 'CH42:1' at (269575000, 80900000) with pad 'CH43:1' at (300531250, 80900000) using coordinate system rotated by 0 degree(s)
INFO: board_modifier.py:494: Adding track segment (F.Cu): [(269575000, 80900000), (300531250, 80900000)]
DEBUG: board_modifier.py:504: Could not add track segment due to detected collision
DEBUG: board_modifier.py:592: Routing at F.Cu layer
DEBUG: board_modifier.py:609: Netclass: Default, track width: 200000
DEBUG: board_modifier.py:675: Routing pad 'CH43:1' at (300531250, 80900000) with pad 'CH14:1' at (302912500, 42800000) using coordinate system rotated by 0 degree(s)
DEBUG: board_modifier.py:592: Routing at F.Cu layer
DEBUG: board_modifier.py:609: Netclass: Default, track width: 200000
DEBUG: board_modifier.py:675: Routing pad 'CH43:1' at (300531250, 80900000) with pad 'CH44:1' at (331487500, 80900000) using coordinate system rotated by 0 degree(s)
INFO: board_modifier.py:494: Adding track segment (F.Cu): [(300531250, 80900000), (331487500, 80900000)]
DEBUG: board_modifier.py:504: Could not add track segment due to detected collision
DEBUG: board_modifier.py:592: Routing at F.Cu layer
DEBUG: board_modifier.py:609: Netclass: Default, track width: 200000
DEBUG: board_modifier.py:675: Routing pad 'CH44:1' at (331487500, 80900000) with pad 'U1:19' at (376050000, 86700000) using coordinate system rotated by 0 degree(s)
DEBUG: key_placer.py:985: Routing /C4 pads
DEBUG: board_modifier.py:592: Routing at F.Cu layer
DEBUG: board_modifier.py:609: Netclass: Default, track width: 200000
DEBUG: board_modifier.py:675: Routing pad 'CH17:1' at (74312500, 61850000) with pad 'CH18:1' at (93362500, 61850000) using coordinate system rotated by 0 degree(s)
INFO: board_modifier.py:494: Adding track segment (F.Cu): [(74312500, 61850000), (93362500, 61850000)]
DEBUG: board_modifier.py:504: Could not add track segment due to detected collision
DEBUG: board_modifier.py:592: Routing at F.Cu layer
DEBUG: board_modifier.py:609: Netclass: Default, track width: 200000
DEBUG: board_modifier.py:675: Routing pad 'CH18:1' at (93362500, 61850000) with pad 'CH19:1' at (112412500, 61850000) using coordinate system rotated by 0 degree(s)
INFO: board_modifier.py:494: Adding track segment (F.Cu): [(93362500, 61850000), (112412500, 61850000)]
DEBUG: board_modifier.py:504: Could not add track segment due to detected collision
DEBUG: board_modifier.py:592: Routing at F.Cu layer
DEBUG: board_modifier.py:609: Netclass: Default, track width: 200000
DEBUG: board_modifier.py:675: Routing pad 'CH19:1' at (112412500, 61850000) with pad 'CH20:1' at (131462500, 61850000) using coordinate system rotated by 0 degree(s)
INFO: board_modifier.py:494: Adding track segment (F.Cu): [(112412500, 61850000), (131462500, 61850000)]
DEBUG: board_modifier.py:504: Could not add track segment due to detected collision
DEBUG: board_modifier.py:592: Routing at F.Cu layer
DEBUG: board_modifier.py:609: Netclass: Default, track width: 200000
DEBUG: board_modifier.py:675: Routing pad 'CH20:1' at (131462500, 61850000) with pad 'CH49:1' at (145750000, 99950000) using coordinate system rotated by 0 degree(s)
DEBUG: board_modifier.py:592: Routing at F.Cu layer
DEBUG: board_modifier.py:609: Netclass: Default, track width: 200000
DEBUG: board_modifier.py:675: Routing pad 'CH49:1' at (145750000, 99950000) with pad 'CH50:1' at (164800000, 99950000) using coordinate system rotated by 0 degree(s)
INFO: board_modifier.py:494: Adding track segment (F.Cu): [(145750000, 99950000), (164800000, 99950000)]
DEBUG: board_modifier.py:504: Could not add track segment due to detected collision
DEBUG: board_modifier.py:592: Routing at F.Cu layer
DEBUG: board_modifier.py:609: Netclass: Default, track width: 200000
DEBUG: board_modifier.py:675: Routing pad 'CH50:1' at (164800000, 99950000) with pad 'CH51:1' at (183850000, 99950000) using coordinate system rotated by 0 degree(s)
INFO: board_modifier.py:494: Adding track segment (F.Cu): [(164800000, 99950000), (183850000, 99950000)]
DEBUG: board_modifier.py:504: Could not add track segment due to detected collision
DEBUG: board_modifier.py:592: Routing at F.Cu layer
DEBUG: board_modifier.py:609: Netclass: Default, track width: 200000
DEBUG: board_modifier.py:675: Routing pad 'CH51:1' at (183850000, 99950000) with pad 'CH52:1' at (202900000, 99950000) using coordinate system rotated by 0 degree(s)
INFO: board_modifier.py:494: Adding track segment (F.Cu): [(183850000, 99950000), (202900000, 99950000)]
DEBUG: board_modifier.py:504: Could not add track segment due to detected collision
DEBUG: board_modifier.py:592: Routing at F.Cu layer
DEBUG: board_modifier.py:609: Netclass: Default, track width: 200000
DEBUG: board_modifier.py:675: Routing pad 'CH52:1' at (202900000, 99950000) with pad 'U1:21' at (370970000, 86700000) using coordinate system rotated by 0 degree(s)
INFO: key_placer.py:518: Removing dangling tracks
INFO: key_placer.py:533: Removing 7773c953-5829-492c-8887-501d16d7949c
INFO: key_placer.py:533: Removing fca4294f-383a-47e6-98b3-57a74159dc8b
INFO: key_placer.py:533: Removing a21ac6d3-657e-43c3-966b-13f02972e736
INFO: key_placer.py:533: Removing f72fce58-2eab-4668-834a-acb5d30f8583
INFO: key_placer.py:533: Removing dea2b66d-eac4-47e4-b3ec-39c2f196d506
INFO: key_placer.py:533: Removing f3ef41f0-8087-47de-9a84-ddd6133105d6
INFO: key_placer.py:533: Removing 47b5bec8-ae51-4434-866d-b5de3407a729
INFO: key_placer.py:533: Removing 67cb2856-d9f2-4c7b-b6f7-0022551bd17c
INFO: key_placer.py:533: Removing f94e7208-837b-4cac-ba8e-ab9275bb301e
INFO: key_placer.py:533: Removing ac957daf-407f-45f4-a06d-803c39167d4c
INFO: key_placer.py:533: Removing 3d0f9444-7c73-47f4-a215-3e381de4fe06
INFO: key_placer.py:533: Removing ca9f5a49-8ef0-4170-ba35-6b1594fbd594
INFO: key_placer.py:533: Removing 162baf14-088f-426c-91f5-3f2cf2f385f3
INFO: key_placer.py:533: Removing e991e5e4-cd6b-432d-827e-1c09cbddbd2e
INFO: key_placer.py:533: Removing 79d59394-03db-41c2-893b-e26c3d3f8a89
INFO: key_placer.py:533: Removing 9414ab71-6a64-463e-8d14-f6c56d0676f5
INFO: key_placer.py:533: Removing 239efcfd-1367-42aa-af13-f93b6a856f42
INFO: key_placer.py:533: Removing 4f4cf031-5d05-40c9-b559-39d56946723a
INFO: key_placer.py:533: Removing f626304d-1113-4eb3-89e8-1cc1da4b8a7d
INFO: key_placer.py:533: Removing 83bb1aa6-3bc6-4c2a-99e6-a65038373727
INFO: key_placer.py:533: Removing e7634b00-8deb-43b2-9912-41d1e0c5f413
INFO: key_placer.py:533: Removing e962be7d-549b-4e92-915d-7a01b8c6699a
INFO: key_placer.py:533: Removing d97c126a-3138-4668-b6ef-1aa0cb482a7c
INFO: key_placer.py:533: Removing 16d87c54-7c68-4159-90fa-01bcfdb259d7
INFO: key_placer.py:533: Removing b2e20d3e-0d2f-4fdc-8178-cff531b5ffd4
INFO: key_placer.py:533: Removing 33bbb087-7e55-48d8-aaf0-bf2e9bd44e43
INFO: key_placer.py:533: Removing 64602e38-125c-494f-9152-785a019a9ffa
INFO: key_placer.py:533: Removing 31d8b71a-f2d1-4892-a683-196f9d999d38
INFO: key_placer.py:533: Removing a1945d6f-8b57-41de-83bf-8b07ca1f24f7
INFO: key_placer.py:533: Removing bcc89361-d026-44df-aafe-99db3424f34f
INFO: key_placer.py:533: Removing ba1e7edc-ca08-48f4-81ed-ccbdfeba033c
INFO: key_placer.py:533: Removing 42f4c323-3d2b-4a53-99cc-40d73da84066
INFO: key_placer.py:533: Removing b3817ab5-6f25-486b-9c55-0a950eb4c5f5
INFO: key_placer.py:533: Removing 3507137e-3af5-4e94-8d74-38907b6ab883
INFO: key_placer.py:533: Removing 58ca09a7-67eb-460e-8be1-f3f3d18123fc
INFO: key_placer.py:533: Removing 9dfd9653-09d2-4614-ad89-5012b309d976
INFO: key_placer.py:533: Removing c888ee47-7b53-4d28-8e4c-965be33e093f
INFO: key_placer.py:533: Removing ad0ea223-56aa-4e5a-8e1b-628757d5d5a4
INFO: key_placer.py:533: Removing 3da8aed0-9f15-4177-8f99-1c1685451887
INFO: key_placer.py:533: Removing 96c4a27e-04ff-44cf-813c-68982afb3221
INFO: key_placer.py:533: Removing f8cfb811-9afe-4f49-b049-175fd6d6d3d8
INFO: key_placer.py:533: Removing 18d60cc4-a22c-40c8-abcd-c48f970b8f99
INFO: key_placer.py:533: Removing 75585457-7348-4c51-af40-e59623181146
INFO: key_placer.py:533: Removing 521a73ec-5ac7-4cfe-bb9c-fa25567ba1b9
INFO: key_placer.py:533: Removing 924f4ef2-fb3d-4bc8-b2c0-ccc7e47f28e1
INFO: key_placer.py:533: Removing 2364c950-aea8-429f-9cdf-ac93f59415f9
INFO: key_placer.py:533: Removing cce89913-7734-4822-8b82-fae492045f1c
INFO: key_placer.py:533: Removing ddf16ce3-001b-438a-a6c5-9aae78e05bd1
INFO: key_placer.py:533: Removing ba0a5333-b4ad-4607-89f6-7e2e9250470d
INFO: key_placer.py:533: Removing cc255ad6-a5d6-4b3f-88c5-37cdc4604209
INFO: key_placer.py:533: Removing adf7250e-6d5e-4e65-a818-21fecc33bc2a
INFO: key_placer.py:533: Removing 7ffac423-fbb9-4905-9c7a-00a400a0819f
INFO: key_placer.py:533: Removing e79e03c0-05b6-4a53-bacd-c49289c2af35
INFO: key_placer.py:533: Removing 944320c1-ff80-48c8-b19a-7d918c06ad0d
INFO: key_placer.py:533: Removing d8dd8d67-fb34-41a9-a8ae-0e3a4646e2c7
INFO: key_placer.py:533: Removing da28830c-4ed1-4b4a-a780-dd48ae4f1118
INFO: key_placer.py:533: Removing 85eb2b6e-562d-4866-82e6-1e984603d381
INFO: key_placer.py:533: Removing b4d4d41a-604a-400f-ad38-090a0c0fc12f
INFO: key_placer.py:533: Removing 157c6786-4d81-484b-99b3-d1d2b36e71b9
INFO: key_placer.py:533: Removing 5d7ce7a1-a664-436c-92bc-e1a5ad4820e4
INFO: key_placer.py:533: Removing 5b046191-9b41-4a43-88fc-d0dbad28f6b3
INFO: key_placer.py:533: Removing 82a58383-1388-48ab-9a7b-ce7401b32417
INFO: key_placer.py:533: Removing 229e20e3-2238-4e29-96ca-031272903aee
INFO: key_placer.py:533: Removing 535ac61e-b38d-4b8a-9dc0-d2ea1299f813
INFO: key_placer.py:533: Removing f799e647-9846-4664-82b6-314e29404abb
INFO: key_placer.py:533: Removing db6dc206-b570-42f7-a96f-84341a9d7067
INFO: key_placer.py:533: Removing bbb25ba7-1f9d-4c02-904a-d4469cc7c480
INFO: key_placer.py:533: Removing 195fdb4f-b5ed-4b3a-8dc4-2b69137fea8e
INFO: key_placer.py:533: Removing c3cffc4c-763f-4464-8e7d-24eab7b0197c
INFO: key_placer.py:533: Removing 8a02ea03-f0c4-40a9-aceb-88a6c43cbe93
INFO: key_placer.py:533: Removing 1ed51555-f6f0-48cd-856e-a760c9b6463b
INFO: key_placer.py:533: Removing 7b4d1b39-b345-4ed2-91f8-e2b9264cb85d
INFO: key_placer.py:533: Removing 5968f438-2eb6-4124-bb88-9cc66dc657ce
INFO: key_placer.py:533: Removing 10acbcd4-ee68-48ed-9732-82a9fe35c949
INFO: key_placer.py:533: Removing de0417af-a972-47e4-92bf-165dd6d29888
INFO: key_placer.py:533: Removing 10a58324-e60c-41b0-99b1-4873fe2049c6
INFO: key_placer.py:533: Removing dd906167-ab53-4fea-8d2d-83d239df92d4
INFO: key_placer.py:533: Removing 0a2104ff-dc6e-4ee9-bee2-11e8413b3bd8
INFO: key_placer.py:533: Removing 47a7dbd7-ce28-432f-9529-4462cefae59e
INFO: key_placer.py:533: Removing c3095103-483b-4700-bb63-76ca5959883c
INFO: key_placer.py:533: Removing 515ad772-ef8d-4e56-b88a-1f7037fe59f8
INFO: key_placer.py:533: Removing 7f2531f3-e623-4263-bd32-114f7646a7ff
INFO: key_placer.py:533: Removing 4517a9ac-c56b-42fc-a0bd-02ce6cf87b5f
INFO: key_placer.py:533: Removing bcbd98f0-cced-4510-8fb9-1cc42fb684fa
INFO: key_placer.py:533: Removing 05b01541-5240-4b8c-8cb0-3afbc7c15da3
INFO: key_placer.py:533: Removing 7aeeafba-4e55-416e-862d-c85c14cfcd2c
INFO: key_placer.py:533: Removing 5afc3077-9880-44d9-b397-a370266850f9
INFO: key_placer.py:533: Removing 17696e5d-3faa-43aa-9fa6-c51c40c8d735
INFO: key_placer.py:533: Removing 0446f0aa-e427-4dc9-aefe-fd0a0b169442
INFO: key_placer.py:533: Removing e8306029-0a6d-459b-876f-76ff37bfb201
INFO: key_placer.py:533: Removing c9ff5fc3-edac-44f8-93c0-dd82cc4f4b6d
INFO: key_placer.py:533: Removing 804ac420-e59f-4bef-8556-bf8d3b39fa3b
INFO: key_placer.py:533: Removing b7119314-a212-4d2d-8e20-bbd93326670b
INFO: key_placer.py:533: Removing c19ca3e6-bbaa-4bfb-be42-ca75e3ac33db
INFO: key_placer.py:533: Removing 1ab4f2b3-7b84-4183-a6f1-6120282253c2
INFO: key_placer.py:533: Removing db4ffab6-e469-4505-a8c1-393a3fa8ff5e
INFO: key_placer.py:533: Removing 017e5120-aa7d-4ac5-a8a5-d32193c141fe
INFO: key_placer.py:533: Removing 768bb161-840d-4fa9-953d-dde3b752e567
INFO: key_placer.py:533: Removing 1715ea55-243d-4ac6-a9f2-e2e2b88e5bbb
INFO: key_placer.py:533: Removing f6031273-bbc6-4841-bb70-f321d27f73ca
INFO: key_placer.py:533: Removing 4ef1d0bb-bca5-4478-8daa-2d8a70711fec
INFO: key_placer.py:533: Removing af6b696d-6d59-4e8b-89da-e9cb0b1a5bdb
INFO: key_placer.py:533: Removing cc0b5a11-59fd-4d4e-ba59-f10def32fad8
INFO: key_placer.py:533: Removing 37ff62c6-deb4-4cd3-916f-562bba7d1c5b
INFO: key_placer.py:533: Removing 90a1a5a3-44fe-46f8-9520-863c1f704d74
INFO: key_placer.py:533: Removing 4cb77942-8722-432e-b4e5-641bc915cf33
INFO: key_placer.py:533: Removing e2c42b6d-0617-477b-a9ee-7889ba5b23d1
INFO: key_placer.py:533: Removing 59e667bd-e750-4b37-80e2-92d87dcff890
INFO: key_placer.py:533: Removing 60dc7e09-e992-44d9-8d27-508d25616fc3
INFO: key_placer.py:533: Removing e17157c1-9e4c-4e14-8e1d-b59c8ded560e
INFO: key_placer.py:533: Removing f9e403a6-f8cf-4e57-b35c-336cb7bd51c6
INFO: key_placer.py:533: Removing b27fb55e-7999-4dfa-b75b-7f134ffb4d99
INFO: key_placer.py:533: Removing 0dc3df49-c856-410f-820f-7319fd14a062
INFO: key_placer.py:533: Removing fd643c63-f264-475d-bf6e-a790e5bef7ec
INFO: key_placer.py:533: Removing 785d41cc-4374-48f9-9c8a-626fa0e903d1
INFO: key_placer.py:533: Removing 54dcf7f9-2ae5-4ac9-a97d-b3f877c3c8cb
INFO: key_placer.py:533: Removing a8d14031-dbaa-4428-8cca-f30ba0750a0f
INFO: key_placer.py:533: Removing e01ff184-3b5c-4a85-8331-2e26bb91124d
INFO: key_placer.py:533: Removing 885b136c-fd22-4581-9ba0-c1f1dd0a9060
INFO: key_placer.py:533: Removing 74c15089-9645-488b-b846-5cd754514f7b
INFO: key_placer.py:533: Removing 7ac455f9-196a-4d4c-8093-5e4250e604d4
INFO: key_placer.py:533: Removing 3a1ca06f-179f-4587-80e1-9a18b1604abd
INFO: key_placer.py:533: Removing 42fee769-0006-4461-be43-74107bd95399
INFO: key_placer.py:533: Removing 0f3bff22-9df6-4885-b884-5306861efa0d
INFO: key_placer.py:533: Removing 7ada3f8b-1e25-4d65-b6bb-5102002d4330
INFO: key_placer.py:533: Removing 42675ee3-7edb-4bba-aac5-1a89e4147420
INFO: key_placer.py:533: Removing 207eee48-ccba-4f8a-90a9-efc53050328c
INFO: key_placer.py:533: Removing f8faa740-8e7e-4fa4-90f5-f8789ad1249d
INFO: key_placer.py:533: Removing 1d654832-f2c6-406f-9bb5-59c7769bdb19
INFO: key_placer.py:533: Removing d0ee2c19-b865-4ec5-a743-d4136c8ea4d6
INFO: key_placer.py:533: Removing 45532da5-89d1-49da-bb1b-ee1c4cb9a598
INFO: key_placer.py:533: Removing 892d93d6-cd09-4bc1-a18a-b017a08e4a72
INFO: key_placer.py:533: Removing 410327ef-5023-4a98-a684-152b38ade92e
INFO: key_placer.py:533: Removing cabc2e2f-a51b-43d1-b03f-40bc1ad7b845
INFO: key_placer.py:533: Removing ca38bde1-7b14-4e4e-823f-56178e5d63ee
INFO: key_placer.py:533: Removing dd3393ac-3bd9-4b73-be46-6dfd0aef679b
INFO: key_placer.py:533: Removing 9a229594-ff63-4154-b7c4-9882895c8bbe
INFO: key_placer.py:533: Removing 4870b53a-bb85-4577-a38c-9f66f7d7d420
